insert into Type (TypeId, Name) values (2, 'victorian style');
insert into Type (TypeId, Name) values (4, 'modern style');
insert into Type (TypeId, Name) values (3, 'office style');
insert into Type (TypeId, Name) values (1, 'ordinary style');
insert into Suppliers (SupplierId, Name, Address, Phone) values (7, 'Id Ante Dictum PC', '9433 Pretium Road', '+38(920) 552 74 47');
insert into Suppliers (SupplierId, Name, Address, Phone) values (16, 'Nec Ligula Consectetuer Inc.', '729-1548 Libero Ave', '+38(633) 409 26 73');
insert into Suppliers (SupplierId, Name, Address, Phone) values (8, 'Pede Inc.', 'P.O. Box 779, 5614 Augue Rd.', '+38(766) 810 80 71');
insert into Suppliers (SupplierId, Name, Address, Phone) values (4, 'Lorem Ipsum Dolor Limited', '5831 Netus Ave', '+38(621) 431 59 27');
insert into Suppliers (SupplierId, Name, Address, Phone) values (3, 'Vitae Diam Proin Inc.', '1613 Nunc Rd.', '+38(742) 649 14 78');
insert into Suppliers (SupplierId, Name, Address, Phone) values (18, 'Cras Dictum Incorporated', '630-7469 Nunc, Av.', '+38(121) 079 20 63');
insert into Suppliers (SupplierId, Name, Address, Phone) values (22, 'Nec Urna Limited', 'P.O. Box 197, 1705 Enim Rd.', '+38(449) 367 15 27');
insert into Suppliers (SupplierId, Name, Address, Phone) values (13, 'Eu Tellus Industries', '198 Consequat Rd.', '+38(621) 449 59 66');
insert into Suppliers (SupplierId, Name, Address, Phone) values (5, 'Libero Morbi PC', '986-5428 Eget Road', '+38(767) 876 74 30');
insert into Suppliers (SupplierId, Name, Address, Phone) values (2, 'Quis Inc.', '7441 Neque Rd.', '+38(600) 516 21 27');
insert into Suppliers (SupplierId, Name, Address, Phone) values (9, 'Gravida PC', 'P.O. Box 614, 6335 Consectetuer Rd.', '+38(176) 117 34 50');
insert into Suppliers (SupplierId, Name, Address, Phone) values (19, 'Eu Dui Associates', 'P.O. Box 270, 3572 Dui. Ave', '+38(725) 611 34 92');
insert into Suppliers (SupplierId, Name, Address, Phone) values (21, 'Sit Amet Ltd', '701 Feugiat Rd.', '+38(392) 948 93 29');
insert into Suppliers (SupplierId, Name, Address, Phone) values (17, 'Cras Pellentesque Sed Consulting', '8455 Eget Ave', '+38(867) 395 50 59');
insert into Suppliers (SupplierId, Name, Address, Phone) values (25, 'Elit Curabitur Sed Corp.', '738-1269 Arcu Av.', '+38(557) 673 24 88');
insert into Suppliers (SupplierId, Name, Address, Phone) values (24, 'Quam Quis Consulting', '2413 Eros. Rd.', '+38(811) 050 17 36');
insert into Suppliers (SupplierId, Name, Address, Phone) values (1, 'Augue Eu Foundation', 'P.O. Box 129, 2861 Phasellus Road', '+38(730) 858 82 71');
insert into Suppliers (SupplierId, Name, Address, Phone) values (6, 'Auctor Non Industries', '303-6623 In Avenue', '+38(401) 421 45 33');
insert into Suppliers (SupplierId, Name, Address, Phone) values (14, 'Augue LLC', 'P.O. Box 451, 9652 Sed Rd.', '+38(006) 629 34 44');
insert into Suppliers (SupplierId, Name, Address, Phone) values (12, 'Ipsum Primis In LLC', 'P.O. Box 361, 1139 Dis St.', '+38(642) 101 31 83');
insert into Suppliers (SupplierId, Name, Address, Phone) values (10, 'Augue Scelerisque Mollis Institute', '293-1541 Euismod St.', '+38(959) 252 95 92');
insert into Suppliers (SupplierId, Name, Address, Phone) values (15, 'Phasellus Company', '179-289 Lobortis St.', '+38(065) 389 79 51');
insert into Suppliers (SupplierId, Name, Address, Phone) values (11, 'Nisl PC', '749-9947 Mus. Rd.', '+38(960) 082 87 80');
insert into Suppliers (SupplierId, Name, Address, Phone) values (20, 'Urna Limited', '8230 At Ave', '+38(249) 069 17 07');
insert into Suppliers (SupplierId, Name, Address, Phone) values (23, 'Sociosqu Ad Inc.', 'Ullamcorper. St.', '+38(725) 518 50 21');
insert into Positions (PositionId, Name, Salary) values (1, 'god', 3481);
insert into Positions (PositionId, Name, Salary) values (2, 'slave', 2327);
insert into Positions (PositionId, Name, Salary) values (4, 'cashier', 7229);
insert into Positions (PositionId, Name, Salary) values (5, 'master', 1000);
insert into Positions (PositionId, Name, Salary) values (3, 'manager', 5796);
insert into Customers (CustomerId, Name, Surname, Address) values (11, 'Paki', 'Valdez', 'P.O. Box 129, 2861 Phasellus Road');
insert into Customers (CustomerId, Name, Surname, Address) values (14, 'Lucy', 'Salazar', '303-6623 In Avenue');
insert into Customers (CustomerId, Name, Surname, Address) values (4, 'Harding', 'Rasmussen', 'P.O. Box 451, 9652 Sed Rd.');
insert into Customers (CustomerId, Name, Surname, Address) values (1, 'Roanna', 'Underwood', 'P.O. Box 361, 1139 Dis St.');
insert into Customers (CustomerId, Name, Surname, Address) values (25, 'Nero', 'Reese', '293-1541 Euismod St.');
insert into Customers (CustomerId, Name, Surname, Address) values (9, 'Deanna', 'Diaz', '179-289 Lobortis St.');
insert into Customers (CustomerId, Name, Surname, Address) values (20, 'Lila', 'Sandoval', '749-9947 Mus. Rd.');
insert into Customers (CustomerId, Name, Surname, Address) values (10, 'Juliet', 'Yates', '8230 At Ave');
insert into Customers (CustomerId, Name, Surname, Address) values (15, 'Channing', 'Kline', 'Ullamcorper. St.');
insert into Customers (CustomerId, Name, Surname, Address) values (5, 'Lee', 'Christensen', '9433 Pretium Road');
insert into Customers (CustomerId, Name, Surname, Address) values (13, 'Christian', 'Foster', '729-1548 Libero Ave');
insert into Customers (CustomerId, Name, Surname, Address) values (18, 'Quon', 'Bass', 'P.O. Box 779, 5614 Augue Rd.');
insert into Customers (CustomerId, Name, Surname, Address) values (3, 'Yen', 'Barry', '5831 Netus Ave');
insert into Customers (CustomerId, Name, Surname, Address) values (22, 'Jermaine', 'Moody', '1613 Nunc Rd.');
insert into Customers (CustomerId, Name, Surname, Address) values (19, 'Emery', 'Wilkinson', '630-7469 Nunc, Av.');
insert into Customers (CustomerId, Name, Surname, Address) values (17, 'Xavier', 'Sparks', 'P.O. Box 197, 1705 Enim Rd.');
insert into Customers (CustomerId, Name, Surname, Address) values (24, 'Cleo', 'Woodward', '198 Consequat Rd.');
insert into Customers (CustomerId, Name, Surname, Address) values (2, 'Brenna', 'Robertson', '986-5428 Eget Road');
insert into Customers (CustomerId, Name, Surname, Address) values (12, 'Olga', 'Colon', '7441 Neque Rd.');
insert into Customers (CustomerId, Name, Surname, Address) values (16, 'Mia', 'Porter', 'P.O. Box 614, 6335 Consectetuer Rd.');
insert into Customers (CustomerId, Name, Surname, Address) values (23, 'Nash', 'Cotton', 'P.O. Box 270, 3572 Dui. Ave');
insert into Customers (CustomerId, Name, Surname, Address) values (6, 'Brandon', 'Talley', '701 Feugiat Rd.');
insert into Customers (CustomerId, Name, Surname, Address) values (21, 'Lois', 'Gilliam', '8455 Eget Ave');
insert into Customers (CustomerId, Name, Surname, Address) values (8, 'Dieter', 'Montoya', '738-1269 Arcu Av.');
insert into Customers (CustomerId, Name, Surname, Address) values (7, 'Patrick', 'Meadows', '2413 Eros. Rd.');
insert into Products (ProductId, Name, Price, TypeId) values (3, 'cupboard 1', 343, 3);
insert into Products (ProductId, Name, Price, TypeId) values (10, 'sideboard 1', 303, 2);
insert into Products (ProductId, Name, Price, TypeId) values (7, 'chest 1', 356, 2);
insert into Products (ProductId, Name, Price, TypeId) values (18, 'shelf 1', 269, 2);
insert into Products (ProductId, Name, Price, TypeId) values (21, 'bed 1', 385, 4);
insert into Products (ProductId, Name, Price, TypeId) values (16, 'sofa 1', 234, 4);
insert into Products (ProductId, Name, Price, TypeId) values (5, 'bench 1', 221, 2);
insert into Products (ProductId, Name, Price, TypeId) values (9, 'chair 1', 415, 4);
insert into Products (ProductId, Name, Price, TypeId) values (17, 'armchair 1', 398, 2);
insert into Products (ProductId, Name, Price, TypeId) values (1, 'chaise-longue 1', 408, 3);
insert into Products (ProductId, Name, Price, TypeId) values (4, 'table 1', 258, 4);
insert into Products (ProductId, Name, Price, TypeId) values (20, 'cupboard 2', 200, 2);
insert into Products (ProductId, Name, Price, TypeId) values (15, 'sideboard 2', 250, 2);
insert into Products (ProductId, Name, Price, TypeId) values (2, 'chest 2', 243, 4);
insert into Products (ProductId, Name, Price, TypeId) values (22, 'shelf 2', 333, 2);
insert into Products (ProductId, Name, Price, TypeId) values (12, 'bed 2', 291, 2);
insert into Products (ProductId, Name, Price, TypeId) values (14, 'sofa 2', 385, 4);
insert into Products (ProductId, Name, Price, TypeId) values (11, 'bench 2', 278, 4);
insert into Products (ProductId, Name, Price, TypeId) values (13, 'chair 2', 316, 2);
insert into Products (ProductId, Name, Price, TypeId) values (19, 'armchair 2', 364, 2);
insert into Products (ProductId, Name, Price, TypeId) values (6, 'chaise-longue 2', 209, 2);
insert into Products (ProductId, Name, Price, TypeId) values (8, 'table 2', 379, 2);
insert into Staff (StaffId, PositionId, Name, Surname, Phone) values (3, 2, 'Gavin', 'Berg', '+38(877) 028 13 94');
insert into Staff (StaffId, PositionId, Name, Surname, Phone) values (14, 2, 'Allistair', 'Munoz', '+38(535) 281 49 65');
insert into Staff (StaffId, PositionId, Name, Surname, Phone) values (12, 1, 'Vivian', 'Mosley', '+38(618) 682 05 51');
insert into Staff (StaffId, PositionId, Name, Surname, Phone) values (11, 5, 'Kamal', 'Haynes', '+38(331) 539 49 74');
insert into Staff (StaffId, PositionId, Name, Surname, Phone) values (15, 2, 'Liberty', 'Peterson', '+38(632) 451 00 21');
insert into Staff (StaffId, PositionId, Name, Surname, Phone) values (16, 5, 'Cleo', 'Daniel', '+38(773) 745 84 26');
insert into Staff (StaffId, PositionId, Name, Surname, Phone) values (9, 2, 'Thaddeus', 'Padilla', '+38(199) 036 86 71');
insert into Staff (StaffId, PositionId, Name, Surname, Phone) values (2, 2, 'Barclay', 'Roach', '+38(075) 401 41 63');
insert into Staff (StaffId, PositionId, Name, Surname, Phone) values (7, 1, 'Ciaran', 'Frank', '+38(907) 922 43 78');
insert into Staff (StaffId, PositionId, Name, Surname, Phone) values (20, 2, 'Lana', 'Herring', '+38(817) 540 20 53');
insert into Staff (StaffId, PositionId, Name, Surname, Phone) values (22, 4, 'Brenda', 'Kemp', '+38(130) 071 05 08');
insert into Staff (StaffId, PositionId, Name, Surname, Phone) values (5, 4, 'Jarrod', 'Mack', '+38(678) 122 06 66');
insert into Staff (StaffId, PositionId, Name, Surname, Phone) values (4, 5, 'Eve', 'Burns', '+38(532) 177 29 35');
insert into Staff (StaffId, PositionId, Name, Surname, Phone) values (24, 4, 'Clinton', 'Sampson', '+38(920) 552 74 47');
insert into Staff (StaffId, PositionId, Name, Surname, Phone) values (13, 4, 'Danielle', 'Obrien', '+38(633) 409 26 73');
insert into Staff (StaffId, PositionId, Name, Surname, Phone) values (8, 2, 'Flynn', 'Steele', '+38(766) 810 80 71');
insert into Staff (StaffId, PositionId, Name, Surname, Phone) values (1, 1, 'Driscoll', 'Becker', '+38(621) 431 59 27');
insert into Staff (StaffId, PositionId, Name, Surname, Phone) values (21, 1, 'Callum', 'Hubbard', '+38(742) 649 14 78');
insert into Staff (StaffId, PositionId, Name, Surname, Phone) values (6, 1, 'Idona', 'Gill', '+38(121) 079 20 63');
insert into Staff (StaffId, PositionId, Name, Surname, Phone) values (25, 2, 'Prescott', 'Austin', '+38(449) 367 15 27');
insert into Staff (StaffId, PositionId, Name, Surname, Phone) values (18, 1, 'Minerva', 'Weaver', '+38(621) 449 59 66');
insert into Staff (StaffId, PositionId, Name, Surname, Phone) values (19, 5, 'Riley', 'Preston', '+38(767) 876 74 30');
insert into Staff (StaffId, PositionId, Name, Surname, Phone) values (10, 5, 'Colin', 'Cash', '+38(600) 516 21 27');
insert into Staff (StaffId, PositionId, Name, Surname, Phone) values (17, 1, 'Harrison', 'Beck', '+38(176) 117 34 50');
insert into Staff (StaffId, PositionId, Name, Surname, Phone) values (23, 2, 'Otto', 'Sweeney', '+38(725) 611 34 92');
insert into Store (StoreId, ProductId, Quantity, Shelf) values (32, 11, 10, 11);
insert into Store (StoreId, ProductId, Quantity, Shelf) values (73, 11, 22, 16);
insert into Store (StoreId, ProductId, Quantity, Shelf) values (89, 10, 1, 17);
insert into Store (StoreId, ProductId, Quantity, Shelf) values (14, 16, 12, 9);
insert into Store (StoreId, ProductId, Quantity, Shelf) values (9, 22, 24, 25);
insert into Store (StoreId, ProductId, Quantity, Shelf) values (95, 7, 15, 4);
insert into Store (StoreId, ProductId, Quantity, Shelf) values (60, 3, 21, 1);
insert into Store (StoreId, ProductId, Quantity, Shelf) values (62, 18, 19, 21);
insert into Store (StoreId, ProductId, Quantity, Shelf) values (80, 10, 6, 7);
insert into Store (StoreId, ProductId, Quantity, Shelf) values (2, 17, 5, 14);
insert into Store (StoreId, ProductId, Quantity, Shelf) values (79, 14, 13, 13);
insert into Store (StoreId, ProductId, Quantity, Shelf) values (54, 14, 7, 8);
insert into Store (StoreId, ProductId, Quantity, Shelf) values (28, 9, 14, 23);
insert into Store (StoreId, ProductId, Quantity, Shelf) values (38, 18, 4, 12);
insert into Store (StoreId, ProductId, Quantity, Shelf) values (19, 22, 20, 24);
insert into Store (StoreId, ProductId, Quantity, Shelf) values (74, 16, 17, 19);
insert into Store (StoreId, ProductId, Quantity, Shelf) values (84, 11, 23, 2);
insert into Store (StoreId, ProductId, Quantity, Shelf) values (4, 21, 2, 6);
insert into Store (StoreId, ProductId, Quantity, Shelf) values (66, 22, 18, 10);
insert into Store (StoreId, ProductId, Quantity, Shelf) values (82, 9, 11, 15);
insert into Store (StoreId, ProductId, Quantity, Shelf) values (69, 20, 8, 20);
insert into Store (StoreId, ProductId, Quantity, Shelf) values (96, 13, 9, 5);
insert into Store (StoreId, ProductId, Quantity, Shelf) values (34, 17, 3, 3);
insert into Store (StoreId, ProductId, Quantity, Shelf) values (99, 14, 16, 22);
insert into Store (StoreId, ProductId, Quantity, Shelf) values (44, 18, 25, 18);
insert into Store (StoreId, ProductId, Quantity, Shelf) values (29, 14, 10, 11);
insert into Store (StoreId, ProductId, Quantity, Shelf) values (49, 12, 22, 16);
insert into Store (StoreId, ProductId, Quantity, Shelf) values (15, 11, 1, 17);
insert into Store (StoreId, ProductId, Quantity, Shelf) values (6, 5, 12, 9);
insert into Store (StoreId, ProductId, Quantity, Shelf) values (100, 12, 24, 25);
insert into Store (StoreId, ProductId, Quantity, Shelf) values (35, 2, 15, 4);
insert into Store (StoreId, ProductId, Quantity, Shelf) values (3, 11, 21, 1);
insert into Store (StoreId, ProductId, Quantity, Shelf) values (90, 10, 19, 21);
insert into Store (StoreId, ProductId, Quantity, Shelf) values (92, 7, 6, 7);
insert into Store (StoreId, ProductId, Quantity, Shelf) values (36, 22, 5, 14);
insert into Store (StoreId, ProductId, Quantity, Shelf) values (13, 19, 13, 13);
insert into Store (StoreId, ProductId, Quantity, Shelf) values (61, 17, 7, 8);
insert into Store (StoreId, ProductId, Quantity, Shelf) values (46, 5, 14, 23);
insert into Store (StoreId, ProductId, Quantity, Shelf) values (11, 1, 4, 12);
insert into Store (StoreId, ProductId, Quantity, Shelf) values (43, 15, 20, 24);
insert into Store (StoreId, ProductId, Quantity, Shelf) values (64, 1, 17, 19);
insert into Store (StoreId, ProductId, Quantity, Shelf) values (27, 13, 23, 2);
insert into Store (StoreId, ProductId, Quantity, Shelf) values (68, 3, 2, 6);
insert into Store (StoreId, ProductId, Quantity, Shelf) values (70, 15, 18, 10);
insert into Store (StoreId, ProductId, Quantity, Shelf) values (1, 9, 11, 15);
insert into Store (StoreId, ProductId, Quantity, Shelf) values (65, 17, 8, 20);
insert into Store (StoreId, ProductId, Quantity, Shelf) values (12, 18, 9, 5);
insert into Store (StoreId, ProductId, Quantity, Shelf) values (45, 12, 3, 3);
insert into Store (StoreId, ProductId, Quantity, Shelf) values (40, 19, 16, 22);
insert into Store (StoreId, ProductId, Quantity, Shelf) values (20, 16, 25, 18);
insert into Store (StoreId, ProductId, Quantity, Shelf) values (91, 6, 10, 11);
insert into Store (StoreId, ProductId, Quantity, Shelf) values (81, 1, 22, 16);
insert into Store (StoreId, ProductId, Quantity, Shelf) values (42, 21, 1, 17);
insert into Store (StoreId, ProductId, Quantity, Shelf) values (25, 3, 12, 9);
insert into Store (StoreId, ProductId, Quantity, Shelf) values (8, 1, 24, 25);
insert into Store (StoreId, ProductId, Quantity, Shelf) values (23, 11, 15, 4);
insert into Store (StoreId, ProductId, Quantity, Shelf) values (18, 15, 21, 1);
insert into Store (StoreId, ProductId, Quantity, Shelf) values (94, 12, 19, 21);
insert into Store (StoreId, ProductId, Quantity, Shelf) values (63, 5, 6, 7);
insert into Store (StoreId, ProductId, Quantity, Shelf) values (97, 3, 5, 14);
insert into Store (StoreId, ProductId, Quantity, Shelf) values (10, 9, 13, 13);
insert into Store (StoreId, ProductId, Quantity, Shelf) values (41, 22, 7, 8);
insert into Store (StoreId, ProductId, Quantity, Shelf) values (57, 4, 14, 23);
insert into Store (StoreId, ProductId, Quantity, Shelf) values (76, 21, 4, 12);
insert into Store (StoreId, ProductId, Quantity, Shelf) values (83, 12, 20, 24);
insert into Store (StoreId, ProductId, Quantity, Shelf) values (30, 17, 17, 19);
insert into Store (StoreId, ProductId, Quantity, Shelf) values (16, 12, 23, 2);
insert into Store (StoreId, ProductId, Quantity, Shelf) values (47, 14, 2, 6);
insert into Store (StoreId, ProductId, Quantity, Shelf) values (53, 17, 18, 10);
insert into Store (StoreId, ProductId, Quantity, Shelf) values (24, 18, 11, 15);
insert into Store (StoreId, ProductId, Quantity, Shelf) values (87, 12, 8, 20);
insert into Store (StoreId, ProductId, Quantity, Shelf) values (51, 11, 9, 5);
insert into Store (StoreId, ProductId, Quantity, Shelf) values (17, 11, 3, 3);
insert into Store (StoreId, ProductId, Quantity, Shelf) values (58, 10, 16, 22);
insert into Store (StoreId, ProductId, Quantity, Shelf) values (22, 18, 25, 18);
insert into Store (StoreId, ProductId, Quantity, Shelf) values (5, 11, 10, 11);
insert into Store (StoreId, ProductId, Quantity, Shelf) values (86, 5, 22, 16);
insert into Store (StoreId, ProductId, Quantity, Shelf) values (48, 14, 1, 17);
insert into Store (StoreId, ProductId, Quantity, Shelf) values (7, 16, 12, 9);
insert into Store (StoreId, ProductId, Quantity, Shelf) values (50, 13, 24, 25);
insert into Store (StoreId, ProductId, Quantity, Shelf) values (55, 1, 15, 4);
insert into Store (StoreId, ProductId, Quantity, Shelf) values (31, 9, 21, 1);
insert into Store (StoreId, ProductId, Quantity, Shelf) values (39, 4, 19, 21);
insert into Store (StoreId, ProductId, Quantity, Shelf) values (33, 1, 6, 7);
insert into Store (StoreId, ProductId, Quantity, Shelf) values (75, 1, 5, 14);
insert into Store (StoreId, ProductId, Quantity, Shelf) values (93, 14, 13, 13);
insert into Store (StoreId, ProductId, Quantity, Shelf) values (98, 7, 7, 8);
insert into Store (StoreId, ProductId, Quantity, Shelf) values (21, 17, 14, 23);
insert into Store (StoreId, ProductId, Quantity, Shelf) values (72, 7, 4, 12);
insert into Store (StoreId, ProductId, Quantity, Shelf) values (56, 5, 20, 24);
insert into Store (StoreId, ProductId, Quantity, Shelf) values (52, 15, 17, 19);
insert into Store (StoreId, ProductId, Quantity, Shelf) values (71, 2, 23, 2);
insert into Store (StoreId, ProductId, Quantity, Shelf) values (59, 10, 2, 6);
insert into Store (StoreId, ProductId, Quantity, Shelf) values (85, 11, 18, 10);
insert into Store (StoreId, ProductId, Quantity, Shelf) values (26, 22, 11, 15);
insert into Store (StoreId, ProductId, Quantity, Shelf) values (37, 14, 8, 20);
insert into Store (StoreId, ProductId, Quantity, Shelf) values (88, 10, 9, 5);
insert into Store (StoreId, ProductId, Quantity, Shelf) values (67, 9, 3, 3);
insert into Store (StoreId, ProductId, Quantity, Shelf) values (77, 22, 16, 22);
insert into Store (StoreId, ProductId, Quantity, Shelf) values (78, 14, 25, 18);
insert into Sales (SaleId, StaffId, CustomerId, SaleDate) values (36, 2, 15, '01-03-2018');
insert into Sales (SaleId, StaffId, CustomerId, SaleDate) values (81, 10, 2, '28-09-2018');
insert into Sales (SaleId, StaffId, CustomerId, SaleDate) values (27, 17, 10, '16-07-2018');
insert into Sales (SaleId, StaffId, CustomerId, SaleDate) values (68, 5, 25, '09-02-2018');
insert into Sales (SaleId, StaffId, CustomerId, SaleDate) values (14, 5, 19, '02-09-2017');
insert into Sales (SaleId, StaffId, CustomerId, SaleDate) values (70, 2, 21, '27-07-2018');
insert into Sales (SaleId, StaffId, CustomerId, SaleDate) values (58, 17, 24, '20-01-2019');
insert into Sales (SaleId, StaffId, CustomerId, SaleDate) values (25, 9, 19, '29-07-2017');
insert into Sales (SaleId, StaffId, CustomerId, SaleDate) values (19, 10, 15, '21-10-2017');
insert into Sales (SaleId, StaffId, CustomerId, SaleDate) values (96, 1, 5, '18-06-2017');
insert into Sales (SaleId, StaffId, CustomerId, SaleDate) values (45, 15, 1, '09-12-2018');
insert into Sales (SaleId, StaffId, CustomerId, SaleDate) values (17, 11, 15, '13-01-2018');
insert into Sales (SaleId, StaffId, CustomerId, SaleDate) values (86, 8, 2, '11-02-2018');
insert into Sales (SaleId, StaffId, CustomerId, SaleDate) values (46, 20, 6, '24-05-2018');
insert into Sales (SaleId, StaffId, CustomerId, SaleDate) values (30, 15, 21, '02-03-2018');
insert into Sales (SaleId, StaffId, CustomerId, SaleDate) values (42, 6, 9, '02-06-2018');
insert into Sales (SaleId, StaffId, CustomerId, SaleDate) values (9, 5, 5, '19-05-2018');
insert into Sales (SaleId, StaffId, CustomerId, SaleDate) values (3, 12, 22, '11-02-2019');
insert into Sales (SaleId, StaffId, CustomerId, SaleDate) values (47, 15, 4, '22-11-2017');
insert into Sales (SaleId, StaffId, CustomerId, SaleDate) values (80, 8, 17, '06-05-2018');
insert into Sales (SaleId, StaffId, CustomerId, SaleDate) values (44, 5, 17, '14-02-2018');
insert into Sales (SaleId, StaffId, CustomerId, SaleDate) values (50, 19, 8, '14-03-2019');
insert into Sales (SaleId, StaffId, CustomerId, SaleDate) values (79, 7, 3, '01-08-2018');
insert into Sales (SaleId, StaffId, CustomerId, SaleDate) values (31, 18, 23, '03-11-2018');
insert into Sales (SaleId, StaffId, CustomerId, SaleDate) values (38, 24, 25, '15-10-2017');
insert into Sales (SaleId, StaffId, CustomerId, SaleDate) values (83, 15, 18, '26-04-2018');
insert into Sales (SaleId, StaffId, CustomerId, SaleDate) values (74, 3, 9, '26-09-2018');
insert into Sales (SaleId, StaffId, CustomerId, SaleDate) values (57, 21, 18, '05-11-2018');
insert into Sales (SaleId, StaffId, CustomerId, SaleDate) values (94, 20, 8, '06-02-2019');
insert into Sales (SaleId, StaffId, CustomerId, SaleDate) values (84, 24, 19, '25-04-2017');
insert into Sales (SaleId, StaffId, CustomerId, SaleDate) values (48, 3, 22, '19-09-2017');
insert into Sales (SaleId, StaffId, CustomerId, SaleDate) values (43, 24, 18, '06-05-2017');
insert into Sales (SaleId, StaffId, CustomerId, SaleDate) values (18, 1, 9, '10-09-2018');
insert into Sales (SaleId, StaffId, CustomerId, SaleDate) values (51, 19, 9, '25-07-2017');
insert into Sales (SaleId, StaffId, CustomerId, SaleDate) values (23, 6, 25, '20-11-2018');
insert into Sales (SaleId, StaffId, CustomerId, SaleDate) values (41, 20, 2, '11-03-2019');
insert into Sales (SaleId, StaffId, CustomerId, SaleDate) values (97, 24, 13, '30-04-2018');
insert into Sales (SaleId, StaffId, CustomerId, SaleDate) values (72, 8, 8, '29-06-2018');
insert into Sales (SaleId, StaffId, CustomerId, SaleDate) values (53, 16, 5, '29-03-2017');
insert into Sales (SaleId, StaffId, CustomerId, SaleDate) values (78, 9, 24, '05-10-2017');
insert into Sales (SaleId, StaffId, CustomerId, SaleDate) values (91, 24, 18, '11-06-2017');
insert into Sales (SaleId, StaffId, CustomerId, SaleDate) values (7, 17, 6, '21-02-2018');
insert into Sales (SaleId, StaffId, CustomerId, SaleDate) values (89, 19, 20, '27-12-2018');
insert into Sales (SaleId, StaffId, CustomerId, SaleDate) values (67, 13, 25, '20-07-2017');
insert into Sales (SaleId, StaffId, CustomerId, SaleDate) values (21, 15, 14, '20-07-2017');
insert into Sales (SaleId, StaffId, CustomerId, SaleDate) values (29, 17, 5, '04-10-2018');
insert into Sales (SaleId, StaffId, CustomerId, SaleDate) values (33, 9, 13, '02-01-2019');
insert into Sales (SaleId, StaffId, CustomerId, SaleDate) values (37, 10, 11, '24-05-2017');
insert into Sales (SaleId, StaffId, CustomerId, SaleDate) values (87, 20, 15, '12-01-2019');
insert into Sales (SaleId, StaffId, CustomerId, SaleDate) values (13, 19, 4, '23-08-2017');
insert into Sales (SaleId, StaffId, CustomerId, SaleDate) values (24, 17, 1, '02-03-2019');
insert into Sales (SaleId, StaffId, CustomerId, SaleDate) values (62, 14, 18, '10-11-2018');
insert into Sales (SaleId, StaffId, CustomerId, SaleDate) values (95, 22, 13, '22-01-2019');
insert into Sales (SaleId, StaffId, CustomerId, SaleDate) values (73, 22, 19, '07-05-2017');
insert into Sales (SaleId, StaffId, CustomerId, SaleDate) values (60, 9, 5, '22-10-2017');
insert into Sales (SaleId, StaffId, CustomerId, SaleDate) values (54, 18, 23, '17-12-2018');
insert into Sales (SaleId, StaffId, CustomerId, SaleDate) values (6, 20, 14, '22-09-2017');
insert into Sales (SaleId, StaffId, CustomerId, SaleDate) values (26, 11, 14, '25-04-2017');
insert into Sales (SaleId, StaffId, CustomerId, SaleDate) values (65, 8, 12, '09-03-2019');
insert into Sales (SaleId, StaffId, CustomerId, SaleDate) values (76, 25, 19, '14-09-2017');
insert into Sales (SaleId, StaffId, CustomerId, SaleDate) values (4, 12, 18, '22-01-2018');
insert into Sales (SaleId, StaffId, CustomerId, SaleDate) values (32, 18, 14, '05-02-2019');
insert into Sales (SaleId, StaffId, CustomerId, SaleDate) values (93, 12, 8, '29-04-2017');
insert into Sales (SaleId, StaffId, CustomerId, SaleDate) values (99, 24, 3, '05-08-2018');
insert into Sales (SaleId, StaffId, CustomerId, SaleDate) values (49, 20, 1, '26-11-2017');
insert into Sales (SaleId, StaffId, CustomerId, SaleDate) values (98, 1, 16, '19-11-2017');
insert into Sales (SaleId, StaffId, CustomerId, SaleDate) values (66, 9, 3, '14-06-2018');
insert into Sales (SaleId, StaffId, CustomerId, SaleDate) values (15, 3, 6, '28-07-2017');
insert into Sales (SaleId, StaffId, CustomerId, SaleDate) values (40, 2, 4, '15-04-2018');
insert into Sales (SaleId, StaffId, CustomerId, SaleDate) values (1, 1, 21, '22-09-2017');
insert into Sales (SaleId, StaffId, CustomerId, SaleDate) values (63, 14, 15, '01-11-2018');
insert into Sales (SaleId, StaffId, CustomerId, SaleDate) values (16, 16, 21, '16-01-2018');
insert into Sales (SaleId, StaffId, CustomerId, SaleDate) values (75, 8, 10, '04-06-2017');
insert into Sales (SaleId, StaffId, CustomerId, SaleDate) values (77, 20, 3, '03-02-2019');
insert into Sales (SaleId, StaffId, CustomerId, SaleDate) values (85, 15, 22, '05-03-2018');
insert into Sales (SaleId, StaffId, CustomerId, SaleDate) values (11, 15, 19, '05-06-2017');
insert into Sales (SaleId, StaffId, CustomerId, SaleDate) values (52, 8, 22, '30-04-2018');
insert into Sales (SaleId, StaffId, CustomerId, SaleDate) values (71, 1, 24, '18-07-2018');
insert into Sales (SaleId, StaffId, CustomerId, SaleDate) values (82, 17, 3, '16-07-2018');
insert into Sales (SaleId, StaffId, CustomerId, SaleDate) values (8, 21, 22, '11-04-2018');
insert into Sales (SaleId, StaffId, CustomerId, SaleDate) values (61, 12, 9, '24-09-2018');
insert into Sales (SaleId, StaffId, CustomerId, SaleDate) values (100, 14, 2, '02-12-2018');
insert into Sales (SaleId, StaffId, CustomerId, SaleDate) values (69, 25, 9, '08-10-2017');
insert into Sales (SaleId, StaffId, CustomerId, SaleDate) values (12, 6, 20, '23-10-2017');
insert into Sales (SaleId, StaffId, CustomerId, SaleDate) values (34, 24, 16, '02-09-2017');
insert into Sales (SaleId, StaffId, CustomerId, SaleDate) values (55, 4, 10, '25-04-2017');
insert into Sales (SaleId, StaffId, CustomerId, SaleDate) values (35, 5, 14, '06-05-2018');
insert into Sales (SaleId, StaffId, CustomerId, SaleDate) values (39, 18, 19, '09-12-2017');
insert into Sales (SaleId, StaffId, CustomerId, SaleDate) values (88, 10, 12, '29-09-2018');
insert into Sales (SaleId, StaffId, CustomerId, SaleDate) values (92, 10, 24, '23-02-2019');
insert into Sales (SaleId, StaffId, CustomerId, SaleDate) values (64, 4, 10, '16-03-2018');
insert into Sales (SaleId, StaffId, CustomerId, SaleDate) values (5, 20, 1, '24-07-2017');
insert into Sales (SaleId, StaffId, CustomerId, SaleDate) values (20, 24, 24, '06-09-2017');
insert into Sales (SaleId, StaffId, CustomerId, SaleDate) values (59, 9, 12, '13-08-2018');
insert into Sales (SaleId, StaffId, CustomerId, SaleDate) values (56, 15, 1, '26-03-2018');
insert into Sales (SaleId, StaffId, CustomerId, SaleDate) values (10, 15, 16, '12-08-2018');
insert into Sales (SaleId, StaffId, CustomerId, SaleDate) values (28, 20, 9, '08-11-2017');
insert into Sales (SaleId, StaffId, CustomerId, SaleDate) values (22, 4, 22, '08-11-2017');
insert into Sales (SaleId, StaffId, CustomerId, SaleDate) values (2, 16, 11, '17-06-2018');
insert into Sales (SaleId, StaffId, CustomerId, SaleDate) values (90, 8, 19, '16-07-2017');
insert into Supplies (SupplyId, SupplierId, SupplyDate, StoreId) values (80, 14, '09-08-2018', 61);
insert into Supplies (SupplyId, SupplierId, SupplyDate, StoreId) values (57, 1, '11-09-2017', 21);
insert into Supplies (SupplyId, SupplierId, SupplyDate, StoreId) values (47, 16, '30-03-2018', 25);
insert into Supplies (SupplyId, SupplierId, SupplyDate, StoreId) values (39, 18, '03-05-2017', 92);
insert into Supplies (SupplyId, SupplierId, SupplyDate, StoreId) values (6, 16, '03-02-2018', 12);
insert into Supplies (SupplyId, SupplierId, SupplyDate, StoreId) values (67, 15, '28-03-2018', 64);
insert into Supplies (SupplyId, SupplierId, SupplyDate, StoreId) values (66, 24, '05-07-2018', 79);
insert into Supplies (SupplyId, SupplierId, SupplyDate, StoreId) values (16, 14, '07-07-2018', 54);
insert into Supplies (SupplyId, SupplierId, SupplyDate, StoreId) values (78, 5, '04-03-2018', 1);
insert into Supplies (SupplyId, SupplierId, SupplyDate, StoreId) values (9, 11, '29-10-2017', 54);
insert into Supplies (SupplyId, SupplierId, SupplyDate, StoreId) values (15, 3, '02-06-2018', 86);
insert into Supplies (SupplyId, SupplierId, SupplyDate, StoreId) values (18, 17, '07-04-2017', 29);
insert into Supplies (SupplyId, SupplierId, SupplyDate, StoreId) values (91, 4, '29-10-2017', 55);
insert into Supplies (SupplyId, SupplierId, SupplyDate, StoreId) values (44, 11, '06-10-2017', 51);
insert into Supplies (SupplyId, SupplierId, SupplyDate, StoreId) values (72, 7, '08-01-2019', 79);
insert into Supplies (SupplyId, SupplierId, SupplyDate, StoreId) values (50, 9, '23-02-2018', 14);
insert into Supplies (SupplyId, SupplierId, SupplyDate, StoreId) values (94, 14, '02-05-2018', 84);
insert into Supplies (SupplyId, SupplierId, SupplyDate, StoreId) values (38, 18, '29-09-2017', 93);
insert into Supplies (SupplyId, SupplierId, SupplyDate, StoreId) values (83, 17, '28-10-2018', 76);
insert into Supplies (SupplyId, SupplierId, SupplyDate, StoreId) values (48, 12, '11-07-2017', 12);
insert into Supplies (SupplyId, SupplierId, SupplyDate, StoreId) values (86, 14, '01-03-2018', 71);
insert into Supplies (SupplyId, SupplierId, SupplyDate, StoreId) values (29, 13, '28-09-2018', 43);
insert into Supplies (SupplyId, SupplierId, SupplyDate, StoreId) values (97, 25, '16-07-2018', 83);
insert into Supplies (SupplyId, SupplierId, SupplyDate, StoreId) values (49, 3, '09-02-2018', 30);
insert into Supplies (SupplyId, SupplierId, SupplyDate, StoreId) values (96, 24, '02-09-2017', 63);
insert into Supplies (SupplyId, SupplierId, SupplyDate, StoreId) values (4, 16, '27-07-2018', 43);
insert into Supplies (SupplyId, SupplierId, SupplyDate, StoreId) values (36, 22, '20-01-2019', 79);
insert into Supplies (SupplyId, SupplierId, SupplyDate, StoreId) values (21, 11, '29-07-2017', 70);
insert into Supplies (SupplyId, SupplierId, SupplyDate, StoreId) values (35, 3, '21-10-2017', 19);
insert into Supplies (SupplyId, SupplierId, SupplyDate, StoreId) values (45, 13, '18-06-2017', 77);
insert into Supplies (SupplyId, SupplierId, SupplyDate, StoreId) values (25, 1, '09-12-2018', 90);
insert into Supplies (SupplyId, SupplierId, SupplyDate, StoreId) values (22, 11, '13-01-2018', 47);
insert into Supplies (SupplyId, SupplierId, SupplyDate, StoreId) values (31, 2, '11-02-2018', 76);
insert into Supplies (SupplyId, SupplierId, SupplyDate, StoreId) values (52, 6, '24-05-2018', 25);
insert into Supplies (SupplyId, SupplierId, SupplyDate, StoreId) values (75, 20, '02-03-2018', 29);
insert into Supplies (SupplyId, SupplierId, SupplyDate, StoreId) values (54, 5, '02-06-2018', 99);
insert into Supplies (SupplyId, SupplierId, SupplyDate, StoreId) values (68, 11, '19-05-2018', 90);
insert into Supplies (SupplyId, SupplierId, SupplyDate, StoreId) values (70, 20, '11-02-2019', 11);
insert into Supplies (SupplyId, SupplierId, SupplyDate, StoreId) values (64, 6, '22-11-2017', 53);
insert into Supplies (SupplyId, SupplierId, SupplyDate, StoreId) values (60, 16, '06-05-2018', 57);
insert into Supplies (SupplyId, SupplierId, SupplyDate, StoreId) values (11, 5, '14-02-2018', 56);
insert into Supplies (SupplyId, SupplierId, SupplyDate, StoreId) values (55, 25, '14-03-2019', 94);
insert into Supplies (SupplyId, SupplierId, SupplyDate, StoreId) values (34, 11, '01-08-2018', 26);
insert into Supplies (SupplyId, SupplierId, SupplyDate, StoreId) values (12, 25, '03-11-2018', 46);
insert into Supplies (SupplyId, SupplierId, SupplyDate, StoreId) values (98, 24, '15-10-2017', 7);
insert into Supplies (SupplyId, SupplierId, SupplyDate, StoreId) values (79, 18, '26-04-2018', 14);
insert into Supplies (SupplyId, SupplierId, SupplyDate, StoreId) values (65, 15, '26-09-2018', 12);
insert into Supplies (SupplyId, SupplierId, SupplyDate, StoreId) values (82, 9, '05-11-2018', 45);
insert into Supplies (SupplyId, SupplierId, SupplyDate, StoreId) values (62, 19, '06-02-2019', 51);
insert into Supplies (SupplyId, SupplierId, SupplyDate, StoreId) values (51, 15, '25-04-2017', 99);
insert into Supplies (SupplyId, SupplierId, SupplyDate, StoreId) values (42, 10, '19-09-2017', 45);
insert into Supplies (SupplyId, SupplierId, SupplyDate, StoreId) values (77, 4, '06-05-2017', 32);
insert into Supplies (SupplyId, SupplierId, SupplyDate, StoreId) values (53, 19, '10-09-2018', 21);
insert into Supplies (SupplyId, SupplierId, SupplyDate, StoreId) values (33, 3, '25-07-2017', 52);
insert into Supplies (SupplyId, SupplierId, SupplyDate, StoreId) values (37, 6, '20-11-2018', 14);
insert into Supplies (SupplyId, SupplierId, SupplyDate, StoreId) values (24, 16, '11-03-2019', 55);
insert into Supplies (SupplyId, SupplierId, SupplyDate, StoreId) values (81, 4, '30-04-2018', 86);
insert into Supplies (SupplyId, SupplierId, SupplyDate, StoreId) values (87, 12, '29-06-2018', 74);
insert into Supplies (SupplyId, SupplierId, SupplyDate, StoreId) values (61, 2, '29-03-2017', 22);
insert into Supplies (SupplyId, SupplierId, SupplyDate, StoreId) values (85, 5, '05-10-2017', 30);
insert into Supplies (SupplyId, SupplierId, SupplyDate, StoreId) values (88, 3, '11-06-2017', 13);
insert into Supplies (SupplyId, SupplierId, SupplyDate, StoreId) values (73, 2, '21-02-2018', 85);
insert into Supplies (SupplyId, SupplierId, SupplyDate, StoreId) values (41, 12, '27-12-2018', 7);
insert into Supplies (SupplyId, SupplierId, SupplyDate, StoreId) values (90, 6, '20-07-2017', 11);
insert into Supplies (SupplyId, SupplierId, SupplyDate, StoreId) values (8, 1, '20-07-2017', 64);
insert into Supplies (SupplyId, SupplierId, SupplyDate, StoreId) values (99, 4, '04-10-2018', 47);
insert into Supplies (SupplyId, SupplierId, SupplyDate, StoreId) values (71, 1, '02-01-2019', 62);
insert into Supplies (SupplyId, SupplierId, SupplyDate, StoreId) values (56, 24, '24-05-2017', 53);
insert into Supplies (SupplyId, SupplierId, SupplyDate, StoreId) values (89, 1, '12-01-2019', 99);
insert into Supplies (SupplyId, SupplierId, SupplyDate, StoreId) values (76, 18, '23-08-2017', 16);
insert into Supplies (SupplyId, SupplierId, SupplyDate, StoreId) values (2, 16, '02-03-2019', 42);
insert into Supplies (SupplyId, SupplierId, SupplyDate, StoreId) values (69, 25, '10-11-2018', 11);
insert into Supplies (SupplyId, SupplierId, SupplyDate, StoreId) values (7, 2, '22-01-2019', 64);
insert into Supplies (SupplyId, SupplierId, SupplyDate, StoreId) values (30, 11, '07-05-2017', 82);
insert into Supplies (SupplyId, SupplierId, SupplyDate, StoreId) values (43, 24, '22-10-2017', 57);
insert into Supplies (SupplyId, SupplierId, SupplyDate, StoreId) values (95, 14, '17-12-2018', 32);
insert into Supplies (SupplyId, SupplierId, SupplyDate, StoreId) values (40, 19, '22-09-2017', 22);
insert into Supplies (SupplyId, SupplierId, SupplyDate, StoreId) values (46, 19, '25-04-2017', 58);
insert into Supplies (SupplyId, SupplierId, SupplyDate, StoreId) values (14, 8, '09-03-2019', 39);
insert into Supplies (SupplyId, SupplierId, SupplyDate, StoreId) values (63, 10, '14-09-2017', 34);
insert into Supplies (SupplyId, SupplierId, SupplyDate, StoreId) values (28, 8, '22-01-2018', 77);
insert into Supplies (SupplyId, SupplierId, SupplyDate, StoreId) values (84, 18, '05-02-2019', 14);
insert into Supplies (SupplyId, SupplierId, SupplyDate, StoreId) values (20, 4, '29-04-2017', 82);
insert into Supplies (SupplyId, SupplierId, SupplyDate, StoreId) values (59, 11, '05-08-2018', 49);
insert into Supplies (SupplyId, SupplierId, SupplyDate, StoreId) values (93, 22, '26-11-2017', 27);
insert into Supplies (SupplyId, SupplierId, SupplyDate, StoreId) values (74, 14, '19-11-2017', 29);
insert into Supplies (SupplyId, SupplierId, SupplyDate, StoreId) values (1, 4, '14-06-2018', 75);
insert into Supplies (SupplyId, SupplierId, SupplyDate, StoreId) values (26, 11, '28-07-2017', 44);
insert into Supplies (SupplyId, SupplierId, SupplyDate, StoreId) values (5, 10, '15-04-2018', 75);
insert into Supplies (SupplyId, SupplierId, SupplyDate, StoreId) values (10, 5, '22-09-2017', 40);
insert into Supplies (SupplyId, SupplierId, SupplyDate, StoreId) values (92, 15, '01-11-2018', 99);
insert into Supplies (SupplyId, SupplierId, SupplyDate, StoreId) values (58, 22, '16-01-2018', 22);
insert into Supplies (SupplyId, SupplierId, SupplyDate, StoreId) values (100, 20, '04-06-2017', 91);
insert into Supplies (SupplyId, SupplierId, SupplyDate, StoreId) values (32, 3, '03-02-2019', 68);
insert into Supplies (SupplyId, SupplierId, SupplyDate, StoreId) values (23, 6, '05-03-2018', 49);
insert into Supplies (SupplyId, SupplierId, SupplyDate, StoreId) values (27, 2, '05-06-2017', 5);
insert into Supplies (SupplyId, SupplierId, SupplyDate, StoreId) values (19, 25, '30-04-2018', 59);
insert into Supplies (SupplyId, SupplierId, SupplyDate, StoreId) values (3, 2, '18-07-2018', 8);
insert into Supplies (SupplyId, SupplierId, SupplyDate, StoreId) values (13, 19, '16-07-2018', 97);
insert into Supplies (SupplyId, SupplierId, SupplyDate, StoreId) values (17, 21, '11-04-2018', 37);
insert into SaleList (SaleListId, SaleId, ProductId, Quantity) values (25, 74, 4, 2);
insert into SaleList (SaleListId, SaleId, ProductId, Quantity) values (27, 86, 6, 6);
insert into SaleList (SaleListId, SaleId, ProductId, Quantity) values (154, 37, 20, 14);
insert into SaleList (SaleListId, SaleId, ProductId, Quantity) values (99, 53, 5, 8);
insert into SaleList (SaleListId, SaleId, ProductId, Quantity) values (198, 93, 20, 4);
insert into SaleList (SaleListId, SaleId, ProductId, Quantity) values (164, 35, 11, 16);
insert into SaleList (SaleListId, SaleId, ProductId, Quantity) values (190, 16, 14, 22);
insert into SaleList (SaleListId, SaleId, ProductId, Quantity) values (91, 91, 18, 19);
insert into SaleList (SaleListId, SaleId, ProductId, Quantity) values (82, 30, 10, 21);
insert into SaleList (SaleListId, SaleId, ProductId, Quantity) values (200, 98, 17, 17);
insert into SaleList (SaleListId, SaleId, ProductId, Quantity) values (24, 51, 18, 1);
insert into SaleList (SaleListId, SaleId, ProductId, Quantity) values (72, 70, 9, 15);
insert into SaleList (SaleListId, SaleId, ProductId, Quantity) values (89, 92, 6, 25);
insert into SaleList (SaleListId, SaleId, ProductId, Quantity) values (3, 17, 3, 12);
insert into SaleList (SaleListId, SaleId, ProductId, Quantity) values (144, 37, 21, 23);
insert into SaleList (SaleListId, SaleId, ProductId, Quantity) values (199, 57, 10, 11);
insert into SaleList (SaleListId, SaleId, ProductId, Quantity) values (86, 84, 15, 5);
insert into SaleList (SaleListId, SaleId, ProductId, Quantity) values (66, 45, 15, 9);
insert into SaleList (SaleListId, SaleId, ProductId, Quantity) values (79, 30, 7, 24);
insert into SaleList (SaleListId, SaleId, ProductId, Quantity) values (37, 76, 6, 10);
insert into SaleList (SaleListId, SaleId, ProductId, Quantity) values (77, 31, 19, 20);
insert into SaleList (SaleListId, SaleId, ProductId, Quantity) values (178, 51, 2, 18);
insert into SaleList (SaleListId, SaleId, ProductId, Quantity) values (134, 79, 10, 3);
insert into SaleList (SaleListId, SaleId, ProductId, Quantity) values (46, 18, 3, 7);
insert into SaleList (SaleListId, SaleId, ProductId, Quantity) values (87, 34, 12, 13);
insert into SaleList (SaleListId, SaleId, ProductId, Quantity) values (188, 51, 22, 2);
insert into SaleList (SaleListId, SaleId, ProductId, Quantity) values (95, 7, 14, 6);
insert into SaleList (SaleListId, SaleId, ProductId, Quantity) values (16, 62, 6, 14);
insert into SaleList (SaleListId, SaleId, ProductId, Quantity) values (106, 57, 3, 8);
insert into SaleList (SaleListId, SaleId, ProductId, Quantity) values (10, 28, 5, 4);
insert into SaleList (SaleListId, SaleId, ProductId, Quantity) values (39, 55, 13, 16);
insert into SaleList (SaleListId, SaleId, ProductId, Quantity) values (183, 91, 9, 22);
insert into SaleList (SaleListId, SaleId, ProductId, Quantity) values (174, 81, 2, 19);
insert into SaleList (SaleListId, SaleId, ProductId, Quantity) values (47, 10, 13, 21);
insert into SaleList (SaleListId, SaleId, ProductId, Quantity) values (17, 47, 10, 17);
insert into SaleList (SaleListId, SaleId, ProductId, Quantity) values (121, 55, 7, 1);
insert into SaleList (SaleListId, SaleId, ProductId, Quantity) values (61, 48, 16, 15);
insert into SaleList (SaleListId, SaleId, ProductId, Quantity) values (116, 50, 19, 25);
insert into SaleList (SaleListId, SaleId, ProductId, Quantity) values (12, 36, 6, 12);
insert into SaleList (SaleListId, SaleId, ProductId, Quantity) values (22, 17, 9, 23);
insert into SaleList (SaleListId, SaleId, ProductId, Quantity) values (98, 79, 10, 11);
insert into SaleList (SaleListId, SaleId, ProductId, Quantity) values (65, 25, 14, 5);
insert into SaleList (SaleListId, SaleId, ProductId, Quantity) values (5, 100, 2, 9);
insert into SaleList (SaleListId, SaleId, ProductId, Quantity) values (191, 42, 12, 24);
insert into SaleList (SaleListId, SaleId, ProductId, Quantity) values (149, 9, 21, 10);
insert into SaleList (SaleListId, SaleId, ProductId, Quantity) values (107, 17, 5, 20);
insert into SaleList (SaleListId, SaleId, ProductId, Quantity) values (19, 50, 15, 18);
insert into SaleList (SaleListId, SaleId, ProductId, Quantity) values (189, 83, 16, 3);
insert into SaleList (SaleListId, SaleId, ProductId, Quantity) values (152, 23, 5, 7);
insert into SaleList (SaleListId, SaleId, ProductId, Quantity) values (153, 19, 1, 13);
insert into SaleList (SaleListId, SaleId, ProductId, Quantity) values (85, 42, 1, 2);
insert into SaleList (SaleListId, SaleId, ProductId, Quantity) values (56, 5, 13, 6);
insert into SaleList (SaleListId, SaleId, ProductId, Quantity) values (51, 2, 15, 14);
insert into SaleList (SaleListId, SaleId, ProductId, Quantity) values (104, 44, 12, 8);
insert into SaleList (SaleListId, SaleId, ProductId, Quantity) values (180, 36, 11, 4);
insert into SaleList (SaleListId, SaleId, ProductId, Quantity) values (81, 96, 10, 16);
insert into SaleList (SaleListId, SaleId, ProductId, Quantity) values (21, 23, 7, 22);
insert into SaleList (SaleListId, SaleId, ProductId, Quantity) values (181, 49, 14, 19);
insert into SaleList (SaleListId, SaleId, ProductId, Quantity) values (160, 75, 11, 21);
insert into SaleList (SaleListId, SaleId, ProductId, Quantity) values (138, 51, 22, 17);
insert into SaleList (SaleListId, SaleId, ProductId, Quantity) values (28, 67, 22, 1);
insert into SaleList (SaleListId, SaleId, ProductId, Quantity) values (195, 92, 4, 15);
insert into SaleList (SaleListId, SaleId, ProductId, Quantity) values (69, 46, 6, 25);
insert into SaleList (SaleListId, SaleId, ProductId, Quantity) values (36, 15, 18, 12);
insert into SaleList (SaleListId, SaleId, ProductId, Quantity) values (93, 42, 14, 23);
insert into SaleList (SaleListId, SaleId, ProductId, Quantity) values (129, 14, 2, 11);
insert into SaleList (SaleListId, SaleId, ProductId, Quantity) values (44, 57, 3, 5);
insert into SaleList (SaleListId, SaleId, ProductId, Quantity) values (48, 39, 9, 9);
insert into SaleList (SaleListId, SaleId, ProductId, Quantity) values (177, 48, 2, 24);
insert into SaleList (SaleListId, SaleId, ProductId, Quantity) values (4, 6, 7, 10);
insert into SaleList (SaleListId, SaleId, ProductId, Quantity) values (192, 51, 20, 20);
insert into SaleList (SaleListId, SaleId, ProductId, Quantity) values (165, 77, 6, 18);
insert into SaleList (SaleListId, SaleId, ProductId, Quantity) values (145, 74, 7, 3);
insert into SaleList (SaleListId, SaleId, ProductId, Quantity) values (135, 76, 9, 7);
insert into SaleList (SaleListId, SaleId, ProductId, Quantity) values (68, 12, 16, 13);
insert into SaleList (SaleListId, SaleId, ProductId, Quantity) values (67, 84, 4, 2);
insert into SaleList (SaleListId, SaleId, ProductId, Quantity) values (124, 8, 16, 6);
insert into SaleList (SaleListId, SaleId, ProductId, Quantity) values (64, 36, 13, 14);
insert into SaleList (SaleListId, SaleId, ProductId, Quantity) values (173, 96, 18, 8);
insert into SaleList (SaleListId, SaleId, ProductId, Quantity) values (29, 88, 2, 4);
insert into SaleList (SaleListId, SaleId, ProductId, Quantity) values (128, 59, 19, 16);
insert into SaleList (SaleListId, SaleId, ProductId, Quantity) values (55, 66, 4, 22);
insert into SaleList (SaleListId, SaleId, ProductId, Quantity) values (130, 60, 12, 19);
insert into SaleList (SaleListId, SaleId, ProductId, Quantity) values (172, 7, 10, 21);
insert into SaleList (SaleListId, SaleId, ProductId, Quantity) values (125, 22, 1, 17);
insert into SaleList (SaleListId, SaleId, ProductId, Quantity) values (162, 59, 14, 1);
insert into SaleList (SaleListId, SaleId, ProductId, Quantity) values (62, 26, 21, 15);
insert into SaleList (SaleListId, SaleId, ProductId, Quantity) values (156, 72, 20, 25);
insert into SaleList (SaleListId, SaleId, ProductId, Quantity) values (140, 59, 2, 12);
insert into SaleList (SaleListId, SaleId, ProductId, Quantity) values (108, 40, 19, 23);
insert into SaleList (SaleListId, SaleId, ProductId, Quantity) values (34, 36, 11, 11);
insert into SaleList (SaleListId, SaleId, ProductId, Quantity) values (96, 49, 10, 5);
insert into SaleList (SaleListId, SaleId, ProductId, Quantity) values (11, 88, 5, 9);
insert into SaleList (SaleListId, SaleId, ProductId, Quantity) values (155, 83, 9, 24);
insert into SaleList (SaleListId, SaleId, ProductId, Quantity) values (40, 48, 19, 10);
insert into SaleList (SaleListId, SaleId, ProductId, Quantity) values (102, 95, 5, 20);
insert into SaleList (SaleListId, SaleId, ProductId, Quantity) values (110, 21, 12, 18);
insert into SaleList (SaleListId, SaleId, ProductId, Quantity) values (14, 86, 12, 3);
insert into SaleList (SaleListId, SaleId, ProductId, Quantity) values (76, 58, 1, 7);
insert into SaleList (SaleListId, SaleId, ProductId, Quantity) values (122, 16, 21, 13);
insert into SaleList (SaleListId, SaleId, ProductId, Quantity) values (42, 63, 5, 2);
insert into SaleList (SaleListId, SaleId, ProductId, Quantity) values (13, 59, 1, 6);
insert into SaleList (SaleListId, SaleId, ProductId, Quantity) values (53, 36, 6, 14);
insert into SaleList (SaleListId, SaleId, ProductId, Quantity) values (63, 52, 11, 8);
insert into SaleList (SaleListId, SaleId, ProductId, Quantity) values (187, 85, 4, 4);
insert into SaleList (SaleListId, SaleId, ProductId, Quantity) values (184, 94, 7, 16);
insert into SaleList (SaleListId, SaleId, ProductId, Quantity) values (31, 27, 12, 22);
insert into SaleList (SaleListId, SaleId, ProductId, Quantity) values (169, 22, 15, 19);
insert into SaleList (SaleListId, SaleId, ProductId, Quantity) values (84, 49, 2, 21);
insert into SaleList (SaleListId, SaleId, ProductId, Quantity) values (33, 66, 12, 17);
insert into SaleList (SaleListId, SaleId, ProductId, Quantity) values (170, 39, 6, 1);
insert into SaleList (SaleListId, SaleId, ProductId, Quantity) values (197, 12, 16, 15);
insert into SaleList (SaleListId, SaleId, ProductId, Quantity) values (141, 4, 18, 25);
insert into SaleList (SaleListId, SaleId, ProductId, Quantity) values (171, 69, 15, 12);
insert into SaleList (SaleListId, SaleId, ProductId, Quantity) values (176, 28, 10, 23);
insert into SaleList (SaleListId, SaleId, ProductId, Quantity) values (133, 29, 12, 11);
insert into SaleList (SaleListId, SaleId, ProductId, Quantity) values (185, 67, 2, 5);
insert into SaleList (SaleListId, SaleId, ProductId, Quantity) values (146, 91, 13, 9);
insert into SaleList (SaleListId, SaleId, ProductId, Quantity) values (175, 49, 14, 24);
insert into SaleList (SaleListId, SaleId, ProductId, Quantity) values (92, 6, 16, 10);
insert into SaleList (SaleListId, SaleId, ProductId, Quantity) values (111, 71, 3, 20);
insert into SaleList (SaleListId, SaleId, ProductId, Quantity) values (143, 12, 9, 18);
insert into SaleList (SaleListId, SaleId, ProductId, Quantity) values (148, 60, 22, 3);
insert into SaleList (SaleListId, SaleId, ProductId, Quantity) values (70, 71, 6, 7);
insert into SaleList (SaleListId, SaleId, ProductId, Quantity) values (163, 98, 10, 13);
insert into SaleList (SaleListId, SaleId, ProductId, Quantity) values (71, 76, 5, 2);
insert into SaleList (SaleListId, SaleId, ProductId, Quantity) values (97, 83, 19, 6);
insert into SaleList (SaleListId, SaleId, ProductId, Quantity) values (193, 7, 18, 14);
insert into SaleList (SaleListId, SaleId, ProductId, Quantity) values (194, 13, 1, 8);
insert into SaleList (SaleListId, SaleId, ProductId, Quantity) values (127, 84, 14, 4);
insert into SaleList (SaleListId, SaleId, ProductId, Quantity) values (123, 15, 6, 16);
insert into SaleList (SaleListId, SaleId, ProductId, Quantity) values (117, 92, 6, 22);
insert into SaleList (SaleListId, SaleId, ProductId, Quantity) values (114, 27, 9, 19);
insert into SaleList (SaleListId, SaleId, ProductId, Quantity) values (58, 26, 9, 21);
insert into SaleList (SaleListId, SaleId, ProductId, Quantity) values (2, 84, 16, 17);
insert into SaleList (SaleListId, SaleId, ProductId, Quantity) values (137, 24, 14, 1);
insert into SaleList (SaleListId, SaleId, ProductId, Quantity) values (50, 20, 15, 15);
insert into SaleList (SaleListId, SaleId, ProductId, Quantity) values (118, 68, 22, 25);
insert into SaleList (SaleListId, SaleId, ProductId, Quantity) values (119, 17, 19, 12);
insert into SaleList (SaleListId, SaleId, ProductId, Quantity) values (60, 33, 17, 23);
insert into SaleList (SaleListId, SaleId, ProductId, Quantity) values (150, 3, 5, 11);
insert into SaleList (SaleListId, SaleId, ProductId, Quantity) values (9, 65, 4, 5);
insert into SaleList (SaleListId, SaleId, ProductId, Quantity) values (113, 31, 3, 9);
insert into SaleList (SaleListId, SaleId, ProductId, Quantity) values (151, 14, 9, 24);
insert into SaleList (SaleListId, SaleId, ProductId, Quantity) values (8, 73, 9, 10);
insert into SaleList (SaleListId, SaleId, ProductId, Quantity) values (131, 87, 4, 20);
insert into SaleList (SaleListId, SaleId, ProductId, Quantity) values (139, 59, 2, 18);
insert into SaleList (SaleListId, SaleId, ProductId, Quantity) values (112, 78, 12, 3);
insert into SaleList (SaleListId, SaleId, ProductId, Quantity) values (74, 75, 14, 7);
insert into SaleList (SaleListId, SaleId, ProductId, Quantity) values (1, 94, 9, 13);
insert into SaleList (SaleListId, SaleId, ProductId, Quantity) values (54, 23, 18, 2);
insert into SaleList (SaleListId, SaleId, ProductId, Quantity) values (23, 45, 11, 6);
insert into SaleList (SaleListId, SaleId, ProductId, Quantity) values (80, 98, 13, 14);
insert into SaleList (SaleListId, SaleId, ProductId, Quantity) values (103, 49, 22, 8);
insert into SaleList (SaleListId, SaleId, ProductId, Quantity) values (167, 64, 4, 4);
insert into SaleList (SaleListId, SaleId, ProductId, Quantity) values (59, 91, 7, 16);
insert into SaleList (SaleListId, SaleId, ProductId, Quantity) values (32, 37, 4, 22);
insert into SaleList (SaleListId, SaleId, ProductId, Quantity) values (15, 55, 18, 19);
insert into SaleList (SaleListId, SaleId, ProductId, Quantity) values (30, 40, 21, 21);
insert into SaleList (SaleListId, SaleId, ProductId, Quantity) values (90, 65, 5, 17);
insert into SaleList (SaleListId, SaleId, ProductId, Quantity) values (120, 18, 14, 1);
insert into SaleList (SaleListId, SaleId, ProductId, Quantity) values (157, 86, 21, 15);
insert into SaleList (SaleListId, SaleId, ProductId, Quantity) values (78, 4, 15, 25);
insert into SaleList (SaleListId, SaleId, ProductId, Quantity) values (182, 13, 3, 12);
insert into SaleList (SaleListId, SaleId, ProductId, Quantity) values (115, 61, 16, 23);
insert into SaleList (SaleListId, SaleId, ProductId, Quantity) values (7, 94, 19, 11);
insert into SaleList (SaleListId, SaleId, ProductId, Quantity) values (73, 31, 10, 5);
insert into SaleList (SaleListId, SaleId, ProductId, Quantity) values (179, 78, 1, 9);
insert into SaleList (SaleListId, SaleId, ProductId, Quantity) values (147, 4, 9, 24);
insert into SaleList (SaleListId, SaleId, ProductId, Quantity) values (105, 4, 19, 10);
insert into SaleList (SaleListId, SaleId, ProductId, Quantity) values (136, 10, 15, 20);
insert into SaleList (SaleListId, SaleId, ProductId, Quantity) values (52, 57, 7, 18);
insert into SaleList (SaleListId, SaleId, ProductId, Quantity) values (100, 24, 7, 3);
insert into SaleList (SaleListId, SaleId, ProductId, Quantity) values (159, 80, 17, 7);
insert into SaleList (SaleListId, SaleId, ProductId, Quantity) values (83, 49, 22, 13);
insert into SaleList (SaleListId, SaleId, ProductId, Quantity) values (88, 18, 16, 2);
insert into SaleList (SaleListId, SaleId, ProductId, Quantity) values (186, 70, 4, 6);
insert into SaleList (SaleListId, SaleId, ProductId, Quantity) values (158, 45, 1, 14);
insert into SaleList (SaleListId, SaleId, ProductId, Quantity) values (18, 72, 17, 8);
insert into SaleList (SaleListId, SaleId, ProductId, Quantity) values (126, 33, 5, 4);
insert into SaleList (SaleListId, SaleId, ProductId, Quantity) values (57, 34, 3, 16);
insert into SaleList (SaleListId, SaleId, ProductId, Quantity) values (132, 57, 20, 22);
insert into SaleList (SaleListId, SaleId, ProductId, Quantity) values (35, 89, 13, 19);
insert into SaleList (SaleListId, SaleId, ProductId, Quantity) values (6, 69, 20, 21);
insert into SaleList (SaleListId, SaleId, ProductId, Quantity) values (94, 76, 9, 17);
insert into SaleList (SaleListId, SaleId, ProductId, Quantity) values (45, 72, 12, 1);
insert into SaleList (SaleListId, SaleId, ProductId, Quantity) values (49, 17, 9, 15);
insert into SaleList (SaleListId, SaleId, ProductId, Quantity) values (196, 26, 16, 25);
insert into SaleList (SaleListId, SaleId, ProductId, Quantity) values (142, 72, 11, 12);
insert into SaleList (SaleListId, SaleId, ProductId, Quantity) values (43, 54, 6, 23);
insert into SaleList (SaleListId, SaleId, ProductId, Quantity) values (166, 69, 4, 11);
insert into SaleList (SaleListId, SaleId, ProductId, Quantity) values (20, 1, 20, 5);
insert into SaleList (SaleListId, SaleId, ProductId, Quantity) values (161, 75, 6, 9);
insert into SaleList (SaleListId, SaleId, ProductId, Quantity) values (75, 40, 18, 24);
insert into SaleList (SaleListId, SaleId, ProductId, Quantity) values (109, 9, 3, 10);
insert into SaleList (SaleListId, SaleId, ProductId, Quantity) values (101, 64, 1, 20);
insert into SaleList (SaleListId, SaleId, ProductId, Quantity) values (168, 77, 10, 18);
insert into SaleList (SaleListId, SaleId, ProductId, Quantity) values (41, 16, 19, 3);
insert into SaleList (SaleListId, SaleId, ProductId, Quantity) values (38, 54, 2, 7);
insert into SaleList (SaleListId, SaleId, ProductId, Quantity) values (26, 23, 16, 13);

