insert into Customers (CustomerId, Name, Surname, Address) values (6, 'Roanna', 'Rollins', 'P.O. Box 361, 1139 Dis St.');
insert into Customers (CustomerId, Name, Surname, Address) values (16, 'Nero', 'Odonnell', '293-1541 Euismod St.');
insert into Customers (CustomerId, Name, Surname, Address) values (14, 'Deanna', 'Williamson', '179-289 Lobortis St.');
insert into Customers (CustomerId, Name, Surname, Address) values (15, 'Lila', 'Price', '749-9947 Mus. Rd.');
insert into Customers (CustomerId, Name, Surname, Address) values (5, 'Juliet', 'Hale', '8230 At Ave');
insert into Customers (CustomerId, Name, Surname, Address) values (20, 'Channing', 'Galloway', 'Ullamcorper. St.');
insert into Customers (CustomerId, Name, Surname, Address) values (1, 'Lee', 'Frazier', '9433 Pretium Road');
insert into Customers (CustomerId, Name, Surname, Address) values (3, 'Christian', 'Gates', '729-1548 Libero Ave');
insert into Customers (CustomerId, Name, Surname, Address) values (13, 'Quon', 'Puckett', 'P.O. Box 779, 5614 Augue Rd.');
insert into Customers (CustomerId, Name, Surname, Address) values (4, 'Yen', 'Hoover', '5831 Netus Ave');
insert into Customers (CustomerId, Name, Surname, Address) values (9, 'Jermaine', 'Zimmerman', '1613 Nunc Rd.');
insert into Customers (CustomerId, Name, Surname, Address) values (18, 'Emery', 'Moss', '630-7469 Nunc, Av.');
insert into Customers (CustomerId, Name, Surname, Address) values (8, 'Xavier', 'Berger', 'P.O. Box 197, 1705 Enim Rd.');
insert into Customers (CustomerId, Name, Surname, Address) values (25, 'Cleo', 'Meadows', '198 Consequat Rd.');
insert into Customers (CustomerId, Name, Surname, Address) values (2, 'Brenna', 'Golden', '986-5428 Eget Road');
insert into Customers (CustomerId, Name, Surname, Address) values (12, 'Olga', 'Glenn', '7441 Neque Rd.');
insert into Customers (CustomerId, Name, Surname, Address) values (7, 'Mia', 'Stanton', 'P.O. Box 614, 6335 Consectetuer Rd.');
insert into Customers (CustomerId, Name, Surname, Address) values (21, 'Nash', 'Flores', 'P.O. Box 270, 3572 Dui. Ave');
insert into Customers (CustomerId, Name, Surname, Address) values (19, 'Brandon', 'Kerr', '701 Feugiat Rd.');
insert into Customers (CustomerId, Name, Surname, Address) values (23, 'Lois', 'Barker', '8455 Eget Ave');
insert into Customers (CustomerId, Name, Surname, Address) values (22, 'Dieter', 'Robbins', '738-1269 Arcu Av.');
insert into Customers (CustomerId, Name, Surname, Address) values (24, 'Patrick', 'Gordon', '2413 Eros. Rd.');
insert into Customers (CustomerId, Name, Surname, Address) values (10, 'Gavin', 'Rodriguez', 'P.O. Box 129, 2861 Phasellus Road');
insert into Customers (CustomerId, Name, Surname, Address) values (17, 'Allistair', 'Hensley', '303-6623 In Avenue');
insert into Customers (CustomerId, Name, Surname, Address) values (11, 'Vivian', 'Schneider', 'P.O. Box 451, 9652 Sed Rd.');
insert into Products (ProductId, Name, Price, TypeName) values (16, 'cupboard 1', 294, 'victorian style');
insert into Products (ProductId, Name, Price, TypeName) values (10, 'sideboard 1', 228, 'modern style');
insert into Products (ProductId, Name, Price, TypeName) values (2, 'chest 1', 311, 'office style');
insert into Products (ProductId, Name, Price, TypeName) values (6, 'shelf 1', 453, 'ordinary style');
insert into Products (ProductId, Name, Price, TypeName) values (21, 'bed 1', 236, 'victorian style');
insert into Products (ProductId, Name, Price, TypeName) values (12, 'sofa 1', 200, 'modern style');
insert into Products (ProductId, Name, Price, TypeName) values (9, 'bench 1', 381, 'office style');
insert into Products (ProductId, Name, Price, TypeName) values (15, 'chair 1', 351, 'ordinary style');
insert into Products (ProductId, Name, Price, TypeName) values (14, 'armchair 1', 338, 'victorian style');
insert into Products (ProductId, Name, Price, TypeName) values (4, 'chaise-longue 1', 425, 'modern style');
insert into Products (ProductId, Name, Price, TypeName) values (22, 'table 1', 269, 'office style');
insert into Products (ProductId, Name, Price, TypeName) values (5, 'cupboard 2', 251, 'ordinary style');
insert into Products (ProductId, Name, Price, TypeName) values (18, 'sideboard 2', 407, 'victorian style');
insert into Products (ProductId, Name, Price, TypeName) values (17, 'chest 2', 219, 'modern style');
insert into Products (ProductId, Name, Price, TypeName) values (11, 'shelf 2', 389, 'office style');
insert into Products (ProductId, Name, Price, TypeName) values (13, 'bed 2', 370, 'ordinary style');
insert into Products (ProductId, Name, Price, TypeName) values (3, 'sofa 2', 443, 'victorian style');
insert into Products (ProductId, Name, Price, TypeName) values (7, 'bench 2', 284, 'modern style');
insert into Products (ProductId, Name, Price, TypeName) values (8, 'chair 2', 328, 'office style');
insert into Products (ProductId, Name, Price, TypeName) values (1, 'armchair 2', 207, 'ordinary style');
insert into Products (ProductId, Name, Price, TypeName) values (19, 'chaise-longue 2', 469, 'victorian style');
insert into Products (ProductId, Name, Price, TypeName) values (20, 'table 2', 417, 'modern style');
insert into Staff (StaffId, Name, Surname, Phone, PositionName, Salary) values (19, 'Griffin', 'Baxter', '+38(817) 540 20 53', 'god', 4887);
insert into Staff (StaffId, Name, Surname, Phone, PositionName, Salary) values (8, 'Erich', 'Leach', '+38(130) 071 05 08', 'slave', 9961);
insert into Staff (StaffId, Name, Surname, Phone, PositionName, Salary) values (20, 'Eleanor', 'Stevens', '+38(678) 122 06 66', 'cashier', 3215);
insert into Staff (StaffId, Name, Surname, Phone, PositionName, Salary) values (24, 'Libby', 'Richard', '+38(532) 177 29 35', 'master', 7997);
insert into Staff (StaffId, Name, Surname, Phone, PositionName, Salary) values (6, 'Kylan', 'Valdez', '+38(920) 552 74 47', 'manager', 7365);
insert into Staff (StaffId, Name, Surname, Phone, PositionName, Salary) values (16, 'Uta', 'Salazar', '+38(633) 409 26 73', 'god', 3579);
insert into Staff (StaffId, Name, Surname, Phone, PositionName, Salary) values (5, 'Sage', 'Rasmussen', '+38(766) 810 80 71', 'slave', 5196);
insert into Staff (StaffId, Name, Surname, Phone, PositionName, Salary) values (15, 'Derek', 'Underwood', '+38(621) 431 59 27', 'cashier', 1812);
insert into Staff (StaffId, Name, Surname, Phone, PositionName, Salary) values (12, 'Louis', 'Reese', '+38(742) 649 14 78', 'master', 2268);
insert into Staff (StaffId, Name, Surname, Phone, PositionName, Salary) values (21, 'Libby', 'Diaz', '+38(121) 079 20 63', 'manager', 6334);
insert into Staff (StaffId, Name, Surname, Phone, PositionName, Salary) values (3, 'Damon', 'Sandoval', '+38(449) 367 15 27', 'god', 9631);
insert into Staff (StaffId, Name, Surname, Phone, PositionName, Salary) values (4, 'Kamal', 'Yates', '+38(621) 449 59 66', 'slave', 8786);
insert into Staff (StaffId, Name, Surname, Phone, PositionName, Salary) values (17, 'Lynn', 'Kline', '+38(767) 876 74 30', 'cashier', 8271);
insert into Staff (StaffId, Name, Surname, Phone, PositionName, Salary) values (1, 'Hannah', 'Christensen', '+38(600) 516 21 27', 'master', 7169);
insert into Staff (StaffId, Name, Surname, Phone, PositionName, Salary) values (18, 'Raymond', 'Foster', '+38(176) 117 34 50', 'manager', 6088);
insert into Staff (StaffId, Name, Surname, Phone, PositionName, Salary) values (25, 'Aurelia', 'Bass', '+38(725) 611 34 92', 'god', 5735);
insert into Staff (StaffId, Name, Surname, Phone, PositionName, Salary) values (23, 'Jolie', 'Barry', '+38(392) 948 93 29', 'slave', 2838);
insert into Staff (StaffId, Name, Surname, Phone, PositionName, Salary) values (10, 'Ima', 'Moody', '+38(867) 395 50 59', 'cashier', 2463);
insert into Staff (StaffId, Name, Surname, Phone, PositionName, Salary) values (22, 'Rahim', 'Wilkinson', '+38(557) 673 24 88', 'master', 3978);
insert into Staff (StaffId, Name, Surname, Phone, PositionName, Salary) values (11, 'Xandra', 'Sparks', '+38(811) 050 17 36', 'manager', 7657);
insert into Staff (StaffId, Name, Surname, Phone, PositionName, Salary) values (9, 'Sloane', 'Woodward', '+38(730) 858 82 71', 'god', 1000);
insert into Staff (StaffId, Name, Surname, Phone, PositionName, Salary) values (7, 'Imani', 'Robertson', '+38(401) 421 45 33', 'slave', 1323);
insert into Staff (StaffId, Name, Surname, Phone, PositionName, Salary) values (13, 'Timon', 'Colon', '+38(006) 629 34 44', 'cashier', 4514);
insert into Staff (StaffId, Name, Surname, Phone, PositionName, Salary) values (14, 'Brenna', 'Porter', '+38(642) 101 31 83', 'master', 9110);
insert into Staff (StaffId, Name, Surname, Phone, PositionName, Salary) values (2, 'Scarlet', 'Cotton', '+38(959) 252 95 92', 'manager', 6763);
insert into Facts (FactId, ProductId, CustomerId, StaffId, QuantityFact, DiscountFact) values (90, 12, 15, 23, 20, 4);
insert into Facts (FactId, ProductId, CustomerId, StaffId, QuantityFact, DiscountFact) values (98, 22, 21, 3, 11, 18);
insert into Facts (FactId, ProductId, CustomerId, StaffId, QuantityFact, DiscountFact) values (52, 10, 17, 24, 4, 21);
insert into Facts (FactId, ProductId, CustomerId, StaffId, QuantityFact, DiscountFact) values (29, 18, 16, 11, 23, 45);
insert into Facts (FactId, ProductId, CustomerId, StaffId, QuantityFact, DiscountFact) values (79, 6, 22, 11, 15, 25);
insert into Facts (FactId, ProductId, CustomerId, StaffId, QuantityFact, DiscountFact) values (56, 11, 22, 20, 12, 43);
insert into Facts (FactId, ProductId, CustomerId, StaffId, QuantityFact, DiscountFact) values (3, 2, 8, 20, 22, 8);
insert into Facts (FactId, ProductId, CustomerId, StaffId, QuantityFact, DiscountFact) values (43, 8, 20, 18, 21, 5);
insert into Facts (FactId, ProductId, CustomerId, StaffId, QuantityFact, DiscountFact) values (68, 19, 12, 9, 7, 30);
insert into Facts (FactId, ProductId, CustomerId, StaffId, QuantityFact, DiscountFact) values (74, 12, 8, 7, 3, 24);
insert into Facts (FactId, ProductId, CustomerId, StaffId, QuantityFact, DiscountFact) values (15, 11, 2, 20, 6, 48);
insert into Facts (FactId, ProductId, CustomerId, StaffId, QuantityFact, DiscountFact) values (12, 5, 6, 16, 14, 26);
insert into Facts (FactId, ProductId, CustomerId, StaffId, QuantityFact, DiscountFact) values (24, 22, 7, 13, 10, 38);
insert into Facts (FactId, ProductId, CustomerId, StaffId, QuantityFact, DiscountFact) values (93, 6, 5, 12, 9, 17);
insert into Facts (FactId, ProductId, CustomerId, StaffId, QuantityFact, DiscountFact) values (94, 5, 24, 19, 18, 49);
insert into Facts (FactId, ProductId, CustomerId, StaffId, QuantityFact, DiscountFact) values (35, 10, 3, 25, 8, 37);
insert into Facts (FactId, ProductId, CustomerId, StaffId, QuantityFact, DiscountFact) values (2, 1, 1, 19, 19, 27);
insert into Facts (FactId, ProductId, CustomerId, StaffId, QuantityFact, DiscountFact) values (78, 18, 7, 13, 1, 10);
insert into Facts (FactId, ProductId, CustomerId, StaffId, QuantityFact, DiscountFact) values (57, 2, 13, 12, 17, 28);
insert into Facts (FactId, ProductId, CustomerId, StaffId, QuantityFact, DiscountFact) values (83, 15, 5, 24, 2, 6);
insert into Facts (FactId, ProductId, CustomerId, StaffId, QuantityFact, DiscountFact) values (55, 14, 16, 6, 25, 29);
insert into Facts (FactId, ProductId, CustomerId, StaffId, QuantityFact, DiscountFact) values (51, 12, 25, 20, 16, 15);
insert into Facts (FactId, ProductId, CustomerId, StaffId, QuantityFact, DiscountFact) values (100, 6, 19, 11, 24, 32);
insert into Facts (FactId, ProductId, CustomerId, StaffId, QuantityFact, DiscountFact) values (19, 17, 2, 7, 13, 13);
insert into Facts (FactId, ProductId, CustomerId, StaffId, QuantityFact, DiscountFact) values (7, 7, 19, 25, 5, 16);
insert into Facts (FactId, ProductId, CustomerId, StaffId, QuantityFact, DiscountFact) values (39, 4, 8, 8, 20, 19);
insert into Facts (FactId, ProductId, CustomerId, StaffId, QuantityFact, DiscountFact) values (18, 4, 12, 5, 11, 46);
insert into Facts (FactId, ProductId, CustomerId, StaffId, QuantityFact, DiscountFact) values (13, 1, 21, 11, 4, 20);
insert into Facts (FactId, ProductId, CustomerId, StaffId, QuantityFact, DiscountFact) values (31, 18, 21, 23, 23, 12);
insert into Facts (FactId, ProductId, CustomerId, StaffId, QuantityFact, DiscountFact) values (49, 5, 16, 1, 15, 44);
insert into Facts (FactId, ProductId, CustomerId, StaffId, QuantityFact, DiscountFact) values (62, 18, 17, 23, 12, 2);
insert into Facts (FactId, ProductId, CustomerId, StaffId, QuantityFact, DiscountFact) values (85, 11, 18, 3, 22, 22);
insert into Facts (FactId, ProductId, CustomerId, StaffId, QuantityFact, DiscountFact) values (60, 16, 10, 13, 21, 39);
insert into Facts (FactId, ProductId, CustomerId, StaffId, QuantityFact, DiscountFact) values (75, 15, 21, 12, 7, 3);
insert into Facts (FactId, ProductId, CustomerId, StaffId, QuantityFact, DiscountFact) values (16, 19, 15, 17, 3, 11);
insert into Facts (FactId, ProductId, CustomerId, StaffId, QuantityFact, DiscountFact) values (25, 2, 7, 21, 6, 36);
insert into Facts (FactId, ProductId, CustomerId, StaffId, QuantityFact, DiscountFact) values (17, 4, 18, 10, 14, 9);
insert into Facts (FactId, ProductId, CustomerId, StaffId, QuantityFact, DiscountFact) values (34, 6, 14, 14, 10, 23);
insert into Facts (FactId, ProductId, CustomerId, StaffId, QuantityFact, DiscountFact) values (63, 6, 5, 23, 9, 34);
insert into Facts (FactId, ProductId, CustomerId, StaffId, QuantityFact, DiscountFact) values (92, 4, 2, 16, 18, 14);
insert into Facts (FactId, ProductId, CustomerId, StaffId, QuantityFact, DiscountFact) values (41, 9, 16, 10, 8, 1);
insert into Facts (FactId, ProductId, CustomerId, StaffId, QuantityFact, DiscountFact) values (1, 1, 20, 6, 19, 31);
insert into Facts (FactId, ProductId, CustomerId, StaffId, QuantityFact, DiscountFact) values (59, 21, 13, 8, 1, 40);
insert into Facts (FactId, ProductId, CustomerId, StaffId, QuantityFact, DiscountFact) values (86, 15, 7, 3, 17, 33);
insert into Facts (FactId, ProductId, CustomerId, StaffId, QuantityFact, DiscountFact) values (64, 10, 14, 5, 2, 42);
insert into Facts (FactId, ProductId, CustomerId, StaffId, QuantityFact, DiscountFact) values (44, 11, 5, 5, 25, 35);
insert into Facts (FactId, ProductId, CustomerId, StaffId, QuantityFact, DiscountFact) values (28, 2, 4, 8, 16, 7);
insert into Facts (FactId, ProductId, CustomerId, StaffId, QuantityFact, DiscountFact) values (96, 21, 24, 4, 24, 47);
insert into Facts (FactId, ProductId, CustomerId, StaffId, QuantityFact, DiscountFact) values (32, 9, 9, 17, 13, 41);
insert into Facts (FactId, ProductId, CustomerId, StaffId, QuantityFact, DiscountFact) values (30, 18, 6, 22, 5, 4);
insert into Facts (FactId, ProductId, CustomerId, StaffId, QuantityFact, DiscountFact) values (20, 2, 13, 25, 20, 18);
insert into Facts (FactId, ProductId, CustomerId, StaffId, QuantityFact, DiscountFact) values (84, 2, 1, 8, 11, 21);
insert into Facts (FactId, ProductId, CustomerId, StaffId, QuantityFact, DiscountFact) values (71, 22, 8, 12, 4, 45);
insert into Facts (FactId, ProductId, CustomerId, StaffId, QuantityFact, DiscountFact) values (65, 18, 18, 3, 23, 25);
insert into Facts (FactId, ProductId, CustomerId, StaffId, QuantityFact, DiscountFact) values (77, 18, 3, 13, 15, 43);
insert into Facts (FactId, ProductId, CustomerId, StaffId, QuantityFact, DiscountFact) values (22, 3, 25, 9, 12, 8);
insert into Facts (FactId, ProductId, CustomerId, StaffId, QuantityFact, DiscountFact) values (80, 13, 18, 13, 22, 5);
insert into Facts (FactId, ProductId, CustomerId, StaffId, QuantityFact, DiscountFact) values (8, 10, 25, 10, 21, 30);
insert into Facts (FactId, ProductId, CustomerId, StaffId, QuantityFact, DiscountFact) values (69, 16, 23, 24, 7, 24);
insert into Facts (FactId, ProductId, CustomerId, StaffId, QuantityFact, DiscountFact) values (21, 13, 3, 4, 3, 48);
insert into Facts (FactId, ProductId, CustomerId, StaffId, QuantityFact, DiscountFact) values (72, 12, 21, 9, 6, 26);
insert into Facts (FactId, ProductId, CustomerId, StaffId, QuantityFact, DiscountFact) values (23, 3, 7, 13, 14, 38);
insert into Facts (FactId, ProductId, CustomerId, StaffId, QuantityFact, DiscountFact) values (50, 14, 2, 22, 10, 17);
insert into Facts (FactId, ProductId, CustomerId, StaffId, QuantityFact, DiscountFact) values (26, 8, 23, 11, 9, 49);
insert into Facts (FactId, ProductId, CustomerId, StaffId, QuantityFact, DiscountFact) values (6, 14, 1, 16, 18, 37);
insert into Facts (FactId, ProductId, CustomerId, StaffId, QuantityFact, DiscountFact) values (4, 21, 13, 5, 8, 27);
insert into Facts (FactId, ProductId, CustomerId, StaffId, QuantityFact, DiscountFact) values (97, 22, 25, 8, 19, 10);
insert into Facts (FactId, ProductId, CustomerId, StaffId, QuantityFact, DiscountFact) values (11, 22, 4, 11, 1, 28);
insert into Facts (FactId, ProductId, CustomerId, StaffId, QuantityFact, DiscountFact) values (33, 21, 18, 19, 17, 6);
insert into Facts (FactId, ProductId, CustomerId, StaffId, QuantityFact, DiscountFact) values (36, 18, 12, 22, 2, 29);
insert into Facts (FactId, ProductId, CustomerId, StaffId, QuantityFact, DiscountFact) values (87, 13, 21, 1, 25, 15);
insert into Facts (FactId, ProductId, CustomerId, StaffId, QuantityFact, DiscountFact) values (47, 22, 14, 11, 16, 32);
insert into Facts (FactId, ProductId, CustomerId, StaffId, QuantityFact, DiscountFact) values (67, 21, 13, 9, 24, 13);
insert into Facts (FactId, ProductId, CustomerId, StaffId, QuantityFact, DiscountFact) values (9, 3, 25, 20, 13, 16);
insert into Facts (FactId, ProductId, CustomerId, StaffId, QuantityFact, DiscountFact) values (40, 17, 18, 8, 5, 19);
insert into Facts (FactId, ProductId, CustomerId, StaffId, QuantityFact, DiscountFact) values (10, 5, 12, 3, 20, 46);
insert into Facts (FactId, ProductId, CustomerId, StaffId, QuantityFact, DiscountFact) values (27, 6, 24, 24, 11, 20);
insert into Facts (FactId, ProductId, CustomerId, StaffId, QuantityFact, DiscountFact) values (42, 17, 24, 5, 4, 12);
insert into Facts (FactId, ProductId, CustomerId, StaffId, QuantityFact, DiscountFact) values (45, 5, 18, 25, 23, 44);
insert into Facts (FactId, ProductId, CustomerId, StaffId, QuantityFact, DiscountFact) values (88, 5, 19, 19, 15, 2);
insert into Facts (FactId, ProductId, CustomerId, StaffId, QuantityFact, DiscountFact) values (66, 19, 24, 9, 12, 22);
insert into Facts (FactId, ProductId, CustomerId, StaffId, QuantityFact, DiscountFact) values (46, 19, 25, 24, 22, 39);
insert into Facts (FactId, ProductId, CustomerId, StaffId, QuantityFact, DiscountFact) values (53, 3, 4, 14, 21, 3);
insert into Facts (FactId, ProductId, CustomerId, StaffId, QuantityFact, DiscountFact) values (14, 10, 6, 10, 7, 11);
insert into Facts (FactId, ProductId, CustomerId, StaffId, QuantityFact, DiscountFact) values (37, 7, 2, 21, 3, 36);
insert into Facts (FactId, ProductId, CustomerId, StaffId, QuantityFact, DiscountFact) values (81, 21, 18, 22, 6, 9);
insert into Facts (FactId, ProductId, CustomerId, StaffId, QuantityFact, DiscountFact) values (5, 15, 24, 4, 14, 23);
insert into Facts (FactId, ProductId, CustomerId, StaffId, QuantityFact, DiscountFact) values (61, 15, 12, 17, 10, 34);
insert into Facts (FactId, ProductId, CustomerId, StaffId, QuantityFact, DiscountFact) values (95, 16, 12, 6, 9, 14);
insert into Facts (FactId, ProductId, CustomerId, StaffId, QuantityFact, DiscountFact) values (54, 2, 19, 17, 18, 1);
insert into Facts (FactId, ProductId, CustomerId, StaffId, QuantityFact, DiscountFact) values (73, 9, 13, 23, 8, 31);
insert into Facts (FactId, ProductId, CustomerId, StaffId, QuantityFact, DiscountFact) values (48, 8, 8, 11, 19, 40);
insert into Facts (FactId, ProductId, CustomerId, StaffId, QuantityFact, DiscountFact) values (82, 22, 13, 5, 1, 33);
insert into Facts (FactId, ProductId, CustomerId, StaffId, QuantityFact, DiscountFact) values (89, 11, 20, 9, 17, 42);
insert into Facts (FactId, ProductId, CustomerId, StaffId, QuantityFact, DiscountFact) values (70, 1, 3, 25, 2, 35);
insert into Facts (FactId, ProductId, CustomerId, StaffId, QuantityFact, DiscountFact) values (91, 2, 8, 24, 25, 7);
insert into Facts (FactId, ProductId, CustomerId, StaffId, QuantityFact, DiscountFact) values (58, 6, 1, 12, 16, 47);
insert into Facts (FactId, ProductId, CustomerId, StaffId, QuantityFact, DiscountFact) values (38, 19, 18, 14, 24, 41);
insert into Facts (FactId, ProductId, CustomerId, StaffId, QuantityFact, DiscountFact) values (99, 6, 2, 21, 13, 4);
insert into Facts (FactId, ProductId, CustomerId, StaffId, QuantityFact, DiscountFact) values (76, 18, 25, 22, 5, 18);

