insert into Customers (CustomerId, Name, Surname, Address) values (12, 'Venus', 'Becker', '986-5428 Eget Road');
insert into Customers (CustomerId, Name, Surname, Address) values (8, 'Reese', 'Hubbard', '7441 Neque Rd.');
insert into Customers (CustomerId, Name, Surname, Address) values (17, 'Sacha', 'Gill', 'P.O. Box 614, 6335 Consectetuer Rd.');
insert into Customers (CustomerId, Name, Surname, Address) values (5, 'Jordan', 'Austin', 'P.O. Box 270, 3572 Dui. Ave');
insert into Customers (CustomerId, Name, Surname, Address) values (10, 'Ferris', 'Weaver', '701 Feugiat Rd.');
insert into Customers (CustomerId, Name, Surname, Address) values (4, 'Ulysses', 'Preston', '8455 Eget Ave');
insert into Customers (CustomerId, Name, Surname, Address) values (11, 'Hanna', 'Cash', '738-1269 Arcu Av.');
insert into Customers (CustomerId, Name, Surname, Address) values (24, 'Brent', 'Beck', '2413 Eros. Rd.');
insert into Customers (CustomerId, Name, Surname, Address) values (14, 'Lael', 'Sweeney', 'P.O. Box 129, 2861 Phasellus Road');
insert into Customers (CustomerId, Name, Surname, Address) values (20, 'Galvin', 'Irwin', '303-6623 In Avenue');
insert into Customers (CustomerId, Name, Surname, Address) values (25, 'Cole', 'Sandoval', 'P.O. Box 451, 9652 Sed Rd.');
insert into Customers (CustomerId, Name, Surname, Address) values (19, 'Zahir', 'Thompson', 'P.O. Box 361, 1139 Dis St.');
insert into Customers (CustomerId, Name, Surname, Address) values (2, 'Chadwick', 'Baxter', '293-1541 Euismod St.');
insert into Customers (CustomerId, Name, Surname, Address) values (18, 'Josephine', 'Leach', '179-289 Lobortis St.');
insert into Customers (CustomerId, Name, Surname, Address) values (16, 'Patricia', 'Stevens', '749-9947 Mus. Rd.');
insert into Customers (CustomerId, Name, Surname, Address) values (3, 'Roary', 'Richard', '8230 At Ave');
insert into Customers (CustomerId, Name, Surname, Address) values (1, 'Adam', 'Valdez', 'Ullamcorper. St.');
insert into Customers (CustomerId, Name, Surname, Address) values (23, 'Rama', 'Salazar', '9433 Pretium Road');
insert into Customers (CustomerId, Name, Surname, Address) values (13, 'Reuben', 'Rasmussen', '729-1548 Libero Ave');
insert into Customers (CustomerId, Name, Surname, Address) values (6, 'Blaze', 'Underwood', 'P.O. Box 779, 5614 Augue Rd.');
insert into Customers (CustomerId, Name, Surname, Address) values (9, 'Griffin', 'Reese', '5831 Netus Ave');
insert into Customers (CustomerId, Name, Surname, Address) values (22, 'Erich', 'Diaz', '1613 Nunc Rd.');
insert into Customers (CustomerId, Name, Surname, Address) values (21, 'Eleanor', 'Sandoval', '630-7469 Nunc, Av.');
insert into Customers (CustomerId, Name, Surname, Address) values (7, 'Libby', 'Yates', 'P.O. Box 197, 1705 Enim Rd.');
insert into Customers (CustomerId, Name, Surname, Address) values (15, 'Kylan', 'Kline', '198 Consequat Rd.');
insert into Types (TypeId, Name) values (3, 'victorian style');
insert into Types (TypeId, Name) values (1, 'modern style');
insert into Types (TypeId, Name) values (4, 'office style');
insert into Types (TypeId, Name) values (2, 'ordinary style');
insert into Positions (PositionId, Name, Salary) values (1, 'master', 2498);
insert into Positions (PositionId, Name, Salary) values (5, 'manager', 5538);
insert into Positions (PositionId, Name, Salary) values (2, 'god', 3555);
insert into Positions (PositionId, Name, Salary) values (3, 'slave', 1000);
insert into Positions (PositionId, Name, Salary) values (4, 'cashier', 7272);
insert into Products (ProductId, TypeId, Name, Price) values (14, 4, 'cupboard 1', 393);
insert into Products (ProductId, TypeId, Name, Price) values (16, 1, 'sideboard 1', 217);
insert into Products (ProductId, TypeId, Name, Price) values (4, 3, 'chest 1', 227);
insert into Products (ProductId, TypeId, Name, Price) values (11, 4, 'shelf 1', 256);
insert into Products (ProductId, TypeId, Name, Price) values (15, 3, 'bed 1', 279);
insert into Products (ProductId, TypeId, Name, Price) values (17, 1, 'sofa 1', 373);
insert into Products (ProductId, TypeId, Name, Price) values (12, 1, 'bench 1', 293);
insert into Products (ProductId, TypeId, Name, Price) values (7, 4, 'chair 1', 272);
insert into Products (ProductId, TypeId, Name, Price) values (10, 3, 'armchair 1', 313);
insert into Products (ProductId, TypeId, Name, Price) values (13, 1, 'chaise-longue 1', 329);
insert into Products (ProductId, TypeId, Name, Price) values (3, 4, 'table 1', 443);
insert into Products (ProductId, TypeId, Name, Price) values (22, 1, 'cupboard 2', 200);
insert into Products (ProductId, TypeId, Name, Price) values (19, 3, 'sideboard 2', 344);
insert into Products (ProductId, TypeId, Name, Price) values (6, 3, 'chest 2', 380);
insert into Products (ProductId, TypeId, Name, Price) values (8, 3, 'shelf 2', 431);
insert into Products (ProductId, TypeId, Name, Price) values (21, 4, 'bed 2', 240);
insert into Products (ProductId, TypeId, Name, Price) values (9, 3, 'sofa 2', 359);
insert into Products (ProductId, TypeId, Name, Price) values (20, 4, 'bench 2', 299);
insert into Products (ProductId, TypeId, Name, Price) values (5, 4, 'chair 2', 424);
insert into Products (ProductId, TypeId, Name, Price) values (1, 1, 'armchair 2', 286);
insert into Products (ProductId, TypeId, Name, Price) values (18, 3, 'chaise-longue 2', 401);
insert into Products (ProductId, TypeId, Name, Price) values (2, 3, 'table 2', 409);
insert into Staff (StaffId, Name, Surname, Phone, PositionId) values (14, 'Kamal', 'Fuentes', '+38(053) 676 92 68', 2);
insert into Staff (StaffId, Name, Surname, Phone, PositionId) values (7, 'Liberty', 'Mendez', '+38(404) 453 89 83', 3);
insert into Staff (StaffId, Name, Surname, Phone, PositionId) values (22, 'Cleo', 'Rodriquez', '+38(612) 243 95 22', 5);
insert into Staff (StaffId, Name, Surname, Phone, PositionId) values (10, 'Thaddeus', 'Zamora', '+38(797) 242 52 32', 5);
insert into Staff (StaffId, Name, Surname, Phone, PositionId) values (9, 'Barclay', 'Mercado', '+38(527) 682 24 49', 2);
insert into Staff (StaffId, Name, Surname, Phone, PositionId) values (8, 'Ciaran', 'Hughes', '+38(470) 161 12 79', 5);
insert into Staff (StaffId, Name, Surname, Phone, PositionId) values (1, 'Lana', 'Irwin', '+38(682) 391 79 95', 5);
insert into Staff (StaffId, Name, Surname, Phone, PositionId) values (17, 'Brenda', 'Atkinson', '+38(346) 596 82 62', 3);
insert into Staff (StaffId, Name, Surname, Phone, PositionId) values (3, 'Jarrod', 'Rollins', '+38(311) 898 78 10', 1);
insert into Staff (StaffId, Name, Surname, Phone, PositionId) values (12, 'Eve', 'Odonnell', '+38(259) 351 18 67', 2);
insert into Staff (StaffId, Name, Surname, Phone, PositionId) values (5, 'Clinton', 'Williamson', '+38(838) 327 47 71', 5);
insert into Staff (StaffId, Name, Surname, Phone, PositionId) values (15, 'Danielle', 'Price', '+38(168) 472 11 61', 2);
insert into Staff (StaffId, Name, Surname, Phone, PositionId) values (6, 'Flynn', 'Hale', '+38(220) 218 06 81', 5);
insert into Staff (StaffId, Name, Surname, Phone, PositionId) values (24, 'Driscoll', 'Galloway', '+38(591) 345 63 08', 5);
insert into Staff (StaffId, Name, Surname, Phone, PositionId) values (18, 'Callum', 'Frazier', '+38(026) 191 11 56', 1);
insert into Staff (StaffId, Name, Surname, Phone, PositionId) values (19, 'Idona', 'Gates', '+38(995) 576 78 39', 1);
insert into Staff (StaffId, Name, Surname, Phone, PositionId) values (25, 'Prescott', 'Puckett', '+38(934) 033 31 34', 3);
insert into Staff (StaffId, Name, Surname, Phone, PositionId) values (2, 'Minerva', 'Hoover', '+38(233) 215 13 04', 3);
insert into Staff (StaffId, Name, Surname, Phone, PositionId) values (23, 'Riley', 'Zimmerman', '+38(592) 903 78 32', 1);
insert into Staff (StaffId, Name, Surname, Phone, PositionId) values (11, 'Colin', 'Moss', '+38(637) 355 14 52', 5);
insert into Staff (StaffId, Name, Surname, Phone, PositionId) values (13, 'Harrison', 'Berger', '+38(757) 511 61 44', 2);
insert into Staff (StaffId, Name, Surname, Phone, PositionId) values (16, 'Otto', 'Meadows', '+38(020) 794 68 84', 2);
insert into Staff (StaffId, Name, Surname, Phone, PositionId) values (4, 'Maxwell', 'Golden', '+38(387) 045 56 52', 3);
insert into Staff (StaffId, Name, Surname, Phone, PositionId) values (20, 'Sylvester', 'Glenn', '+38(579) 853 37 69', 3);
insert into Staff (StaffId, Name, Surname, Phone, PositionId) values (21, 'Hashim', 'Stanton', '+38(607) 653 90 99', 3);
insert into SaleFacts (FactId, CustomerId, StaffId, ProductId, QuantityFact, DiscountFact) values (44, 7, 22, 18, 3, 24);
insert into SaleFacts (FactId, CustomerId, StaffId, ProductId, QuantityFact, DiscountFact) values (86, 16, 10, 22, 15, 48);
insert into SaleFacts (FactId, CustomerId, StaffId, ProductId, QuantityFact, DiscountFact) values (96, 4, 9, 3, 17, 2);
insert into SaleFacts (FactId, CustomerId, StaffId, ProductId, QuantityFact, DiscountFact) values (32, 2, 25, 15, 12, 25);
insert into SaleFacts (FactId, CustomerId, StaffId, ProductId, QuantityFact, DiscountFact) values (38, 3, 14, 10, 5, 36);
insert into SaleFacts (FactId, CustomerId, StaffId, ProductId, QuantityFact, DiscountFact) values (37, 10, 16, 14, 11, 32);
insert into SaleFacts (FactId, CustomerId, StaffId, ProductId, QuantityFact, DiscountFact) values (8, 3, 9, 22, 18, 5);
insert into SaleFacts (FactId, CustomerId, StaffId, ProductId, QuantityFact, DiscountFact) values (94, 2, 2, 9, 21, 10);
insert into SaleFacts (FactId, CustomerId, StaffId, ProductId, QuantityFact, DiscountFact) values (25, 2, 11, 1, 22, 38);
insert into SaleFacts (FactId, CustomerId, StaffId, ProductId, QuantityFact, DiscountFact) values (2, 12, 12, 5, 19, 29);
insert into SaleFacts (FactId, CustomerId, StaffId, ProductId, QuantityFact, DiscountFact) values (23, 21, 15, 3, 8, 13);
insert into SaleFacts (FactId, CustomerId, StaffId, ProductId, QuantityFact, DiscountFact) values (3, 12, 19, 8, 20, 6);
insert into SaleFacts (FactId, CustomerId, StaffId, ProductId, QuantityFact, DiscountFact) values (14, 16, 3, 18, 23, 23);
insert into SaleFacts (FactId, CustomerId, StaffId, ProductId, QuantityFact, DiscountFact) values (59, 1, 17, 3, 6, 28);
insert into SaleFacts (FactId, CustomerId, StaffId, ProductId, QuantityFact, DiscountFact) values (27, 18, 10, 4, 4, 14);
insert into SaleFacts (FactId, CustomerId, StaffId, ProductId, QuantityFact, DiscountFact) values (40, 8, 16, 17, 16, 31);
insert into SaleFacts (FactId, CustomerId, StaffId, ProductId, QuantityFact, DiscountFact) values (39, 10, 18, 16, 1, 9);
insert into SaleFacts (FactId, CustomerId, StaffId, ProductId, QuantityFact, DiscountFact) values (80, 13, 8, 20, 25, 16);
insert into SaleFacts (FactId, CustomerId, StaffId, ProductId, QuantityFact, DiscountFact) values (81, 2, 7, 13, 14, 45);
insert into SaleFacts (FactId, CustomerId, StaffId, ProductId, QuantityFact, DiscountFact) values (5, 3, 17, 11, 9, 37);
insert into SaleFacts (FactId, CustomerId, StaffId, ProductId, QuantityFact, DiscountFact) values (54, 4, 12, 22, 7, 3);
insert into SaleFacts (FactId, CustomerId, StaffId, ProductId, QuantityFact, DiscountFact) values (50, 8, 19, 22, 24, 7);
insert into SaleFacts (FactId, CustomerId, StaffId, ProductId, QuantityFact, DiscountFact) values (65, 24, 25, 20, 2, 49);
insert into SaleFacts (FactId, CustomerId, StaffId, ProductId, QuantityFact, DiscountFact) values (77, 24, 10, 7, 10, 11);
insert into SaleFacts (FactId, CustomerId, StaffId, ProductId, QuantityFact, DiscountFact) values (58, 5, 8, 3, 13, 8);
insert into SaleFacts (FactId, CustomerId, StaffId, ProductId, QuantityFact, DiscountFact) values (89, 6, 19, 9, 3, 35);
insert into SaleFacts (FactId, CustomerId, StaffId, ProductId, QuantityFact, DiscountFact) values (53, 17, 16, 9, 15, 19);
insert into SaleFacts (FactId, CustomerId, StaffId, ProductId, QuantityFact, DiscountFact) values (11, 2, 12, 20, 17, 12);
insert into SaleFacts (FactId, CustomerId, StaffId, ProductId, QuantityFact, DiscountFact) values (7, 9, 4, 6, 12, 26);
insert into SaleFacts (FactId, CustomerId, StaffId, ProductId, QuantityFact, DiscountFact) values (10, 16, 2, 21, 5, 1);
insert into SaleFacts (FactId, CustomerId, StaffId, ProductId, QuantityFact, DiscountFact) values (67, 23, 6, 4, 11, 18);
insert into SaleFacts (FactId, CustomerId, StaffId, ProductId, QuantityFact, DiscountFact) values (90, 25, 16, 7, 18, 40);
insert into SaleFacts (FactId, CustomerId, StaffId, ProductId, QuantityFact, DiscountFact) values (48, 7, 12, 6, 21, 21);
insert into SaleFacts (FactId, CustomerId, StaffId, ProductId, QuantityFact, DiscountFact) values (61, 13, 10, 20, 22, 46);
insert into SaleFacts (FactId, CustomerId, StaffId, ProductId, QuantityFact, DiscountFact) values (49, 3, 1, 14, 19, 4);
insert into SaleFacts (FactId, CustomerId, StaffId, ProductId, QuantityFact, DiscountFact) values (63, 2, 2, 14, 8, 41);
insert into SaleFacts (FactId, CustomerId, StaffId, ProductId, QuantityFact, DiscountFact) values (33, 6, 9, 18, 20, 47);
insert into SaleFacts (FactId, CustomerId, StaffId, ProductId, QuantityFact, DiscountFact) values (88, 11, 19, 20, 23, 42);
insert into SaleFacts (FactId, CustomerId, StaffId, ProductId, QuantityFact, DiscountFact) values (42, 1, 23, 16, 6, 17);
insert into SaleFacts (FactId, CustomerId, StaffId, ProductId, QuantityFact, DiscountFact) values (91, 6, 12, 3, 4, 33);
insert into SaleFacts (FactId, CustomerId, StaffId, ProductId, QuantityFact, DiscountFact) values (30, 14, 6, 19, 16, 22);
insert into SaleFacts (FactId, CustomerId, StaffId, ProductId, QuantityFact, DiscountFact) values (6, 10, 18, 4, 1, 27);
insert into SaleFacts (FactId, CustomerId, StaffId, ProductId, QuantityFact, DiscountFact) values (17, 23, 1, 14, 25, 15);
insert into SaleFacts (FactId, CustomerId, StaffId, ProductId, QuantityFact, DiscountFact) values (18, 16, 1, 22, 14, 44);
insert into SaleFacts (FactId, CustomerId, StaffId, ProductId, QuantityFact, DiscountFact) values (60, 2, 1, 17, 9, 30);
insert into SaleFacts (FactId, CustomerId, StaffId, ProductId, QuantityFact, DiscountFact) values (74, 11, 10, 20, 7, 34);
insert into SaleFacts (FactId, CustomerId, StaffId, ProductId, QuantityFact, DiscountFact) values (75, 18, 1, 22, 24, 20);
insert into SaleFacts (FactId, CustomerId, StaffId, ProductId, QuantityFact, DiscountFact) values (36, 22, 11, 10, 2, 43);
insert into SaleFacts (FactId, CustomerId, StaffId, ProductId, QuantityFact, DiscountFact) values (84, 13, 24, 11, 10, 39);
insert into SaleFacts (FactId, CustomerId, StaffId, ProductId, QuantityFact, DiscountFact) values (45, 25, 4, 5, 13, 24);
insert into SaleFacts (FactId, CustomerId, StaffId, ProductId, QuantityFact, DiscountFact) values (83, 19, 19, 19, 3, 48);
insert into SaleFacts (FactId, CustomerId, StaffId, ProductId, QuantityFact, DiscountFact) values (85, 3, 17, 10, 15, 2);
insert into SaleFacts (FactId, CustomerId, StaffId, ProductId, QuantityFact, DiscountFact) values (43, 20, 24, 13, 17, 25);
insert into SaleFacts (FactId, CustomerId, StaffId, ProductId, QuantityFact, DiscountFact) values (64, 1, 23, 8, 12, 36);
insert into SaleFacts (FactId, CustomerId, StaffId, ProductId, QuantityFact, DiscountFact) values (87, 16, 5, 17, 5, 32);
insert into SaleFacts (FactId, CustomerId, StaffId, ProductId, QuantityFact, DiscountFact) values (15, 7, 13, 17, 11, 5);
insert into SaleFacts (FactId, CustomerId, StaffId, ProductId, QuantityFact, DiscountFact) values (41, 25, 16, 11, 18, 10);
insert into SaleFacts (FactId, CustomerId, StaffId, ProductId, QuantityFact, DiscountFact) values (72, 20, 12, 13, 21, 38);
insert into SaleFacts (FactId, CustomerId, StaffId, ProductId, QuantityFact, DiscountFact) values (69, 3, 16, 6, 22, 29);
insert into SaleFacts (FactId, CustomerId, StaffId, ProductId, QuantityFact, DiscountFact) values (100, 2, 14, 12, 19, 13);
insert into SaleFacts (FactId, CustomerId, StaffId, ProductId, QuantityFact, DiscountFact) values (19, 9, 15, 1, 8, 6);
insert into SaleFacts (FactId, CustomerId, StaffId, ProductId, QuantityFact, DiscountFact) values (66, 23, 12, 13, 20, 23);
insert into SaleFacts (FactId, CustomerId, StaffId, ProductId, QuantityFact, DiscountFact) values (21, 4, 4, 21, 23, 28);
insert into SaleFacts (FactId, CustomerId, StaffId, ProductId, QuantityFact, DiscountFact) values (22, 10, 6, 19, 6, 14);
insert into SaleFacts (FactId, CustomerId, StaffId, ProductId, QuantityFact, DiscountFact) values (95, 11, 23, 18, 4, 31);
insert into SaleFacts (FactId, CustomerId, StaffId, ProductId, QuantityFact, DiscountFact) values (51, 18, 16, 4, 16, 9);
insert into SaleFacts (FactId, CustomerId, StaffId, ProductId, QuantityFact, DiscountFact) values (26, 9, 6, 4, 1, 16);
insert into SaleFacts (FactId, CustomerId, StaffId, ProductId, QuantityFact, DiscountFact) values (79, 7, 19, 20, 25, 45);
insert into SaleFacts (FactId, CustomerId, StaffId, ProductId, QuantityFact, DiscountFact) values (24, 20, 15, 1, 14, 37);
insert into SaleFacts (FactId, CustomerId, StaffId, ProductId, QuantityFact, DiscountFact) values (20, 7, 9, 20, 9, 3);
insert into SaleFacts (FactId, CustomerId, StaffId, ProductId, QuantityFact, DiscountFact) values (82, 25, 25, 22, 7, 7);
insert into SaleFacts (FactId, CustomerId, StaffId, ProductId, QuantityFact, DiscountFact) values (99, 5, 3, 19, 24, 49);
insert into SaleFacts (FactId, CustomerId, StaffId, ProductId, QuantityFact, DiscountFact) values (76, 14, 20, 4, 2, 11);
insert into SaleFacts (FactId, CustomerId, StaffId, ProductId, QuantityFact, DiscountFact) values (52, 11, 9, 20, 10, 8);
insert into SaleFacts (FactId, CustomerId, StaffId, ProductId, QuantityFact, DiscountFact) values (68, 25, 16, 11, 13, 35);
insert into SaleFacts (FactId, CustomerId, StaffId, ProductId, QuantityFact, DiscountFact) values (92, 24, 3, 15, 3, 19);
insert into SaleFacts (FactId, CustomerId, StaffId, ProductId, QuantityFact, DiscountFact) values (70, 13, 10, 7, 15, 12);
insert into SaleFacts (FactId, CustomerId, StaffId, ProductId, QuantityFact, DiscountFact) values (28, 6, 18, 14, 17, 26);
insert into SaleFacts (FactId, CustomerId, StaffId, ProductId, QuantityFact, DiscountFact) values (13, 14, 10, 6, 12, 1);
insert into SaleFacts (FactId, CustomerId, StaffId, ProductId, QuantityFact, DiscountFact) values (46, 6, 2, 14, 5, 18);
insert into SaleFacts (FactId, CustomerId, StaffId, ProductId, QuantityFact, DiscountFact) values (47, 23, 12, 6, 11, 40);
insert into SaleFacts (FactId, CustomerId, StaffId, ProductId, QuantityFact, DiscountFact) values (56, 13, 6, 18, 18, 21);
insert into SaleFacts (FactId, CustomerId, StaffId, ProductId, QuantityFact, DiscountFact) values (34, 13, 19, 15, 21, 46);
insert into SaleFacts (FactId, CustomerId, StaffId, ProductId, QuantityFact, DiscountFact) values (73, 17, 14, 18, 22, 4);
insert into SaleFacts (FactId, CustomerId, StaffId, ProductId, QuantityFact, DiscountFact) values (4, 2, 16, 15, 19, 41);
insert into SaleFacts (FactId, CustomerId, StaffId, ProductId, QuantityFact, DiscountFact) values (78, 22, 7, 21, 8, 47);
insert into SaleFacts (FactId, CustomerId, StaffId, ProductId, QuantityFact, DiscountFact) values (57, 8, 23, 1, 20, 42);
insert into SaleFacts (FactId, CustomerId, StaffId, ProductId, QuantityFact, DiscountFact) values (12, 18, 6, 4, 23, 17);
insert into SaleFacts (FactId, CustomerId, StaffId, ProductId, QuantityFact, DiscountFact) values (29, 6, 17, 9, 6, 33);
insert into SaleFacts (FactId, CustomerId, StaffId, ProductId, QuantityFact, DiscountFact) values (93, 24, 9, 11, 4, 22);
insert into SaleFacts (FactId, CustomerId, StaffId, ProductId, QuantityFact, DiscountFact) values (9, 7, 14, 5, 16, 27);
insert into SaleFacts (FactId, CustomerId, StaffId, ProductId, QuantityFact, DiscountFact) values (31, 25, 4, 15, 1, 15);
insert into SaleFacts (FactId, CustomerId, StaffId, ProductId, QuantityFact, DiscountFact) values (98, 7, 8, 15, 25, 44);
insert into SaleFacts (FactId, CustomerId, StaffId, ProductId, QuantityFact, DiscountFact) values (16, 23, 7, 17, 14, 30);
insert into SaleFacts (FactId, CustomerId, StaffId, ProductId, QuantityFact, DiscountFact) values (62, 6, 18, 12, 9, 34);
insert into SaleFacts (FactId, CustomerId, StaffId, ProductId, QuantityFact, DiscountFact) values (1, 19, 1, 19, 7, 20);
insert into SaleFacts (FactId, CustomerId, StaffId, ProductId, QuantityFact, DiscountFact) values (55, 9, 14, 4, 24, 43);
insert into SaleFacts (FactId, CustomerId, StaffId, ProductId, QuantityFact, DiscountFact) values (97, 20, 24, 10, 2, 39);
insert into SaleFacts (FactId, CustomerId, StaffId, ProductId, QuantityFact, DiscountFact) values (35, 20, 18, 21, 10, 24);
insert into SaleFacts (FactId, CustomerId, StaffId, ProductId, QuantityFact, DiscountFact) values (71, 2, 19, 8, 13, 48);

